RECORDNAME,INTID,NBL,NBT,NBR,SBL,SBT,SBR,EBL,EBT,EBR,WBL,WBT,WBR,NEL,NET,NER,NWL,NWT,NWR,SEL,SET,SER,SWL,SWT,SWR,PED,HOLD
Up Node,2,1,1,1,3,3,3,71,71,71,72,72,72,,,,,,,,,,,,,,
Dest Node,2,71,3,72,72,1,71,3,72,1,1,71,3,,,,,,,,,,,,,,
Lanes,2,2,2,0,1,2,2,2,1,0,1,1,1,,,,,,,,,,,,,,
Shared,2,0,2,,0,0,,0,2,,0,0,,,,,,,,,,,,,,,
Width,2,12,12,12,16,12,12,12,12,12,12,12,12,,,,,,,,,,,,,,
Storage,2,140,,,150,,150,150,,,130,,180,,,,,,,,,,,,,,
Taper,2,25,,,25,,25,25,,,25,,25,,,,,,,,,,,,,,
StLanes,2,2,,,1,,1,1,,,1,,1,,,,,,,,,,,,,,
Grade,2,,,,,,,,,,,,,,,,,,,,,,,,,,
Speed,2,,45,,,45,,,45,,,45,,,,,,,,,,,,,,,
Phase1,2,5,2,,1,6,,3,8,,7,4,,,,,,,,,,,,,,,
PermPhase1,2,,,,,,6,,,,,,4,,,,,,,,,,,,,,
LostTime,2,4,4,4,4,4,4,4,4,4,4,4,4,,,,,,,,,,,,,,
Lost Time Adjust,2,0.5,-1.7,0,0.5,-1.7,-1.7,0.5,-2.4,0,0.5,-2.4,-2.4,,,,,,,,,,,,,,
IdealFlow,2,1900,1900,1900,1900,1900,1900,1900,1900,1900,1900,1900,1900,,,,,,,,,,,,,,
SatFlow,2,3433,3536,0,2006,3539,2787,3433,1609,0,1770,1863,1583,,,,,,,,,,,,,,
SatFlowPerm,2,3433,3536,0,2006,3539,2787,3433,1609,0,1770,1863,1583,,,,,,,,,,,,,,
Allow RTOR,2,1,1,1,1,1,1,1,1,1,1,1,1,,,,,,,,,,,,,,
SatFlowRTOR,2,0,1,0,0,0,205,0,38,0,0,0,148,,,,,,,,,,,,,,
Volume,2,55,1314,10,10,912,44,72,4,35,14,4,33,,,,,,,,,,,,,,
Peds,2,0,0,0,0,0,0,0,0,0,0,0,0,,,,,,,,,,,,,,
Bicycles,2,0,0,0,0,0,0,0,0,0,0,0,0,,,,,,,,,,,,,,
PHF,2,0.92,0.92,0.92,0.92,0.92,0.92,0.92,0.92,0.92,0.92,0.92,0.92,,,,,,,,,,,,,,
Growth,2,100,100,100,100,100,100,100,100,100,100,100,100,,,,,,,,,,,,,,
HeavyVehicles,2,2,2,2,2,2,2,2,2,2,2,2,2,,,,,,,,,,,,,,
BusStops,2,0,0,0,0,0,0,0,0,0,0,0,0,,,,,,,,,,,,,,
Midblock,2,,0,,,0,,,0,,,0,,,,,,,,,,,,,,,
Distance,2,,1612,,,1574,,,520,,,611,,,,,,,,,,,,,,,
TravelTime,2,,24.4,,,23.8,,,7.9,,,9.3,,,,,,,,,,,,,,,
Right Channeled,2,,,0,,,0,,,0,,,0,,,,,,,,,,,,,,
Alignment,2,0,0,1,0,0,1,0,0,1,0,0,1,,,,,,,,,,,,,,
Enter Blocked,2,0,0,0,0,0,0,0,0,0,0,0,0,,,,,,,,,,,,,,
HeadwayFact,2,1,1,1,0.85,1,1,1,1,1,1,1,1,,,,,,,,,,,,,,
Turning Speed,2,15,60,9,15,60,9,15,60,9,15,60,9,,,,,,,,,,,,,,
FirstDetect,2,50,50,,50,50,50,50,50,,50,50,50,,,,,,,,,,,,,,
LastDetect,2,0,0,,0,0,0,0,0,,0,0,0,,,,,,,,,,,,,,
DetectPhase1,2,5,2,,1,6,6,3,8,,7,4,4,,,,,,,,,,,,,,
DetectPhase2,2,0,0,,0,0,0,0,0,,0,0,0,,,,,,,,,,,,,,
DetectPhase3,2,0,0,,0,0,0,0,0,,0,0,0,,,,,,,,,,,,,,
DetectPhase4,2,0,0,,0,0,0,0,0,,0,0,0,,,,,,,,,,,,,,
SwitchPhase,2,0,0,,0,0,0,0,0,,0,0,0,,,,,,,,,,,,,,
numDetects,2,1,1,,1,1,1,1,1,,1,1,1,,,,,,,,,,,,,,
DetectPos1,2,0,0,,0,0,0,0,0,,0,0,0,,,,,,,,,,,,,,
DetectSize1,2,50,50,,50,50,50,50,50,,50,50,50,,,,,,,,,,,,,,
DetectType1,2,3,3,,3,3,3,3,3,,3,3,3,,,,,,,,,,,,,,
DetectExtend1,2,0,0,,0,0,0,0,0,,0,0,0,,,,,,,,,,,,,,
DetectQueue1,2,0,0,,0,0,0,0,0,,0,0,0,,,,,,,,,,,,,,
DetectDelay1,2,0,0,,0,0,0,0,0,,0,0,0,,,,,,,,,,,,,,
Exit Lanes,2,,0,,,0,,,0,,,0,,,,,,,,,,,,,,,
CBD,2,,0,,,,,,,,,,,,,,,,,,,,,,,,
Lane Group Flow,2,60,1439,0,11,991,48,78,42,0,15,4,36,,,,,,,,,,,,,,
Up Node,3,2,2,2,4,4,4,69,69,69,70,70,70,,,,,,,,,,,,,,
Dest Node,3,69,4,70,70,2,69,4,70,2,2,69,4,,,,,,,,,,,,,,
Lanes,3,2,2,1,1,3,1,2,2,1,2,2,0,,,,,,,,,,,,,,
Shared,3,0,0,,0,0,,0,0,,0,2,,,,,,,,,,,,,,,
Width,3,12,12,12,12,12,12,12,12,12,12,12,12,,,,,,,,,,,,,,
Storage,3,365,,365,206,,305,300,,390,265,,,,,,,,,,,,,,,,
Taper,3,25,,25,25,,25,25,,25,25,,,,,,,,,,,,,,,,
StLanes,3,2,,1,1,,2,2,,1,2,,,,,,,,,,,,,,,,
Grade,3,,,,,,,,,,,,,,,,,,,,,,,,,,
Speed,3,,45,,,45,,,45,,,45,,,,,,,,,,,,,,,
Phase1,3,5,2,,1,6,,3,8,,7,4,,,,,,,,,,,,,,,
PermPhase1,3,,,2,,,6,,,8,,,,,,,,,,,,,,,,,
LostTime,3,4,4,4,4,4,4,4,4,4,4,4,4,,,,,,,,,,,,,,
Lost Time Adjust,3,0.5,1,1,0.5,1,1,0.5,-2.5,-2.5,0.5,0.6,0,,,,,,,,,,,,,,
IdealFlow,3,1900,1900,1900,1900,1900,1900,1900,1900,1900,1900,1900,1900,,,,,,,,,,,,,,
SatFlow,3,3614,3539,1583,1770,5085,1583,3433,3539,1583,3433,3224,0,,,,,,,,,,,,,,
SatFlowPerm,3,3614,3539,1583,1770,5085,1583,3433,3539,1583,3433,3224,0,,,,,,,,,,,,,,
Allow RTOR,3,1,1,1,1,1,1,1,1,1,1,1,1,,,,,,,,,,,,,,
SatFlowRTOR,3,0,0,383,0,0,173,0,0,184,0,38,0,,,,,,,,,,,,,,
Volume,3,0,1060,352,30,605,22,88,38,9,385,24,35,,,,,,,,,,,,,,
Peds,3,0,0,0,0,0,0,0,0,0,0,0,0,,,,,,,,,,,,,,
Bicycles,3,0,0,0,0,0,0,0,0,0,0,0,0,,,,,,,,,,,,,,
PHF,3,0.92,0.92,0.92,0.92,0.92,0.92,0.92,0.92,0.92,0.92,0.92,0.92,,,,,,,,,,,,,,
Growth,3,100,100,100,100,100,100,100,100,100,100,100,100,,,,,,,,,,,,,,
HeavyVehicles,3,2,2,2,2,2,2,2,2,2,2,2,2,,,,,,,,,,,,,,
BusStops,3,0,0,0,0,0,0,0,0,0,0,0,0,,,,,,,,,,,,,,
Midblock,3,,0,,,0,,,0,,,0,,,,,,,,,,,,,,,
Distance,3,,1574,,,2221,,,1202,,,1359,,,,,,,,,,,,,,,
TravelTime,3,,23.8,,,33.7,,,18.2,,,20.6,,,,,,,,,,,,,,,
Right Channeled,3,,,0,,,0,,,0,,,0,,,,,,,,,,,,,,
Alignment,3,0,0,1,0,0,1,0,0,1,0,0,1,,,,,,,,,,,,,,
Enter Blocked,3,0,0,0,0,0,0,0,0,0,0,0,0,,,,,,,,,,,,,,
HeadwayFact,3,1,1,1,1,1,1,1,1,1,1,1,1,,,,,,,,,,,,,,
Turning Speed,3,15,60,9,15,60,9,15,60,9,15,60,9,,,,,,,,,,,,,,
FirstDetect,3,50,50,50,50,50,50,50,50,50,50,50,,,,,,,,,,,,,,,
LastDetect,3,0,0,0,0,0,0,0,0,0,0,0,,,,,,,,,,,,,,,
DetectPhase1,3,5,2,2,1,6,6,3,8,8,7,4,,,,,,,,,,,,,,,
DetectPhase2,3,0,0,0,0,0,0,0,0,0,0,0,,,,,,,,,,,,,,,
DetectPhase3,3,0,0,0,0,0,0,0,0,0,0,0,,,,,,,,,,,,,,,
DetectPhase4,3,0,0,0,0,0,0,0,0,0,0,0,,,,,,,,,,,,,,,
SwitchPhase,3,0,0,0,0,0,0,0,0,0,0,0,,,,,,,,,,,,,,,
numDetects,3,1,1,1,1,1,1,1,1,1,1,1,,,,,,,,,,,,,,,
DetectPos1,3,0,0,0,0,0,0,0,0,0,0,0,,,,,,,,,,,,,,,
DetectSize1,3,50,50,50,50,50,50,50,50,50,50,50,,,,,,,,,,,,,,,
DetectType1,3,3,3,3,3,3,3,3,3,3,3,3,,,,,,,,,,,,,,,
DetectExtend1,3,0,0,0,0,0,0,0,0,0,0,0,,,,,,,,,,,,,,,
DetectQueue1,3,0,0,0,0,0,0,0,0,0,0,0,,,,,,,,,,,,,,,
DetectDelay1,3,0,0,0,0,0,0,0,0,0,0,0,,,,,,,,,,,,,,,
Exit Lanes,3,,0,,,0,,,0,,,0,,,,,,,,,,,,,,,
CBD,3,,0,,,,,,,,,,,,,,,,,,,,,,,,
Lane Group Flow,3,0,1152,383,33,658,24,96,41,10,418,64,0,,,,,,,,,,,,,,
Up Node,4,,3,3,5,5,,,,,68,,68,,,,,,,,,,,,,,
Dest Node,4,,5,68,68,3,,,,,3,,5,,,,,,,,,,,,,,
Lanes,4,,2,1,1,2,,,,,1,,1,,,,,,,,,,,,,,
Shared,4,,0,,0,0,,,,,0,,,,,,,,,,,,,,,,
Width,4,,12,12,12,12,,,,,12,,12,,,,,,,,,,,,,,
Storage,4,,,150,190,,,,,,,,,,,,,,,,,,,,,,
Taper,4,,,25,25,,,,,,,,,,,,,,,,,,,,,,
StLanes,4,,,1,1,,,,,,,,,,,,,,,,,,,,,,
Grade,4,,,,,,,,,,,,,,,,,,,,,,,,,,
Speed,4,,45,,,45,,,,,45,,,,,,,,,,,,,,,,
Phase1,4,,2,,1,6,,,,,4,,,,,,,,,,,,,,,,
PermPhase1,4,,,2,6,,,,,,,,4,,,,,,,,,,,,,,
LostTime,4,,4,4,4,4,,,,,4,,4,,,,,,,,,,,,,,
Lost Time Adjust,4,,0.5,0.5,0.5,0.5,,,,,0.5,,0.5,,,,,,,,,,,,,,
IdealFlow,4,,1900,1900,1900,1900,,,,,1900,,1900,,,,,,,,,,,,,,
SatFlow,4,,3539,1583,1863,3539,,,,,1863,,1863,,,,,,,,,,,,,,
SatFlowPerm,4,,3539,1583,1863,3539,,,,,1863,,1863,,,,,,,,,,,,,,
Allow RTOR,4,,1,1,1,1,,,,,1,,1,,,,,,,,,,,,,,
SatFlowRTOR,4,,0,36,0,0,,,,,0,,0,,,,,,,,,,,,,,
Volume,4,,700,33,0,0,,,,,0,,0,,,,,,,,,,,,,,
Peds,4,,0,0,0,0,,,,,0,,0,,,,,,,,,,,,,,
Bicycles,4,,0,0,0,0,,,,,0,,0,,,,,,,,,,,,,,
PHF,4,,0.92,0.92,0.92,0.92,,,,,0.92,,0.92,,,,,,,,,,,,,,
Growth,4,,100,100,100,100,,,,,100,,100,,,,,,,,,,,,,,
HeavyVehicles,4,,2,2,2,2,,,,,2,,2,,,,,,,,,,,,,,
BusStops,4,,0,0,0,0,,,,,0,,0,,,,,,,,,,,,,,
Midblock,4,,0,,,0,,,,,0,,,,,,,,,,,,,,,,
Distance,4,,2221,,,2635,,,,,977,,,,,,,,,,,,,,,,
TravelTime,4,,33.7,,,39.9,,,,,14.8,,,,,,,,,,,,,,,,
Right Channeled,4,,,0,,0,,,,,,,0,,,,,,,,,,,,,,
Alignment,4,,0,1,0,0,,,,,0,,1,,,,,,,,,,,,,,
Enter Blocked,4,,0,0,0,0,,,,,0,,0,,,,,,,,,,,,,,
HeadwayFact,4,,1,1,1,1,,,,,1,,1,,,,,,,,,,,,,,
Turning Speed,4,,60,9,15,60,,,,,15,,9,,,,,,,,,,,,,,
FirstDetect,4,,100,20,20,100,,,,,20,,20,,,,,,,,,,,,,,
LastDetect,4,,0,0,0,0,,,,,0,,0,,,,,,,,,,,,,,
DetectPhase1,4,,2,2,1,6,,,,,4,,4,,,,,,,,,,,,,,
DetectPhase2,4,,0,0,0,0,,,,,0,,0,,,,,,,,,,,,,,
DetectPhase3,4,,0,0,0,0,,,,,0,,0,,,,,,,,,,,,,,
DetectPhase4,4,,0,0,0,0,,,,,0,,0,,,,,,,,,,,,,,
SwitchPhase,4,,0,0,0,0,,,,,0,,0,,,,,,,,,,,,,,
numDetects,4,,1,1,1,1,,,,,1,,1,,,,,,,,,,,,,,
DetectPos1,4,,0,0,0,0,,,,,0,,0,,,,,,,,,,,,,,
DetectSize1,4,,100,20,20,100,,,,,20,,20,,,,,,,,,,,,,,
DetectType1,4,,3,3,3,3,,,,,3,,3,,,,,,,,,,,,,,
DetectExtend1,4,,0,0,0,0,,,,,0,,0,,,,,,,,,,,,,,
DetectQueue1,4,,0,0,0,0,,,,,0,,0,,,,,,,,,,,,,,
DetectDelay1,4,,0,0,0,0,,,,,0,,0,,,,,,,,,,,,,,
Exit Lanes,4,,0,,,0,,,,,0,,,,,,,,,,,,,,,,
CBD,4,,0,,,,,,,,,,,,,,,,,,,,,,,,
Lane Group Flow,4,,761,36,0,0,,,,,0,,0,,,,,,,,,,,,,,
Up Node,5,4,4,4,7,7,7,13,13,13,6,6,6,,,,,,,,,,,,,,
Dest Node,5,13,7,6,6,4,13,7,6,4,4,13,7,,,,,,,,,,,,,,
Lanes,5,0,2,0,0,2,0,0,0,0,0,0,0,,,,,,,,,,,,,,
Shared,5,0,0,,0,0,,0,0,,0,0,,,,,,,,,,,,,,,
Width,5,12,12,12,12,12,12,12,12,12,12,12,12,,,,,,,,,,,,,,
Storage,5,,,,,,,,,,,,,,,,,,,,,,,,,,
Taper,5,,,,,,,,,,,,,,,,,,,,,,,,,,
StLanes,5,,,,,,,,,,,,,,,,,,,,,,,,,,
Grade,5,,,,,,,,,,,,,,,,,,,,,,,,,,
Speed,5,,45,,,45,,,45,,,45,,,,,,,,,,,,,,,
SignControl,5,,0,,,0,,,1,,,1,,,,,,,,,,,,,,,
IdealFlow,5,1900,1900,1900,1900,1900,1900,1900,1900,1900,1900,1900,1900,,,,,,,,,,,,,,
SatFlow,5,0,3539,0,0,3539,0,0,0,0,0,0,0,,,,,,,,,,,,,,
SatFlowPerm,5,0,3539,0,0,3539,0,0,0,0,0,0,0,,,,,,,,,,,,,,
Allow RTOR,5,1,1,1,1,1,1,1,1,1,1,1,1,,,,,,,,,,,,,,
SatFlowRTOR,5,0,0,0,0,0,0,0,0,0,0,0,0,,,,,,,,,,,,,,
Volume,5,0,0,0,0,0,0,0,0,0,0,0,0,,,,,,,,,,,,,,
Peds,5,0,0,0,0,0,0,0,0,0,0,0,0,,,,,,,,,,,,,,
Bicycles,5,0,0,0,0,0,0,0,0,0,0,0,0,,,,,,,,,,,,,,
PHF,5,0.92,0.92,0.92,0.92,0.92,0.92,0.92,0.92,0.92,0.92,0.92,0.92,,,,,,,,,,,,,,
Growth,5,100,100,100,100,100,100,100,100,100,100,100,100,,,,,,,,,,,,,,
HeavyVehicles,5,2,2,2,2,2,2,2,2,2,2,2,2,,,,,,,,,,,,,,
BusStops,5,0,0,0,0,0,0,0,0,0,0,0,0,,,,,,,,,,,,,,
Midblock,5,,0,,,0,,,0,,,0,,,,,,,,,,,,,,,
Distance,5,,2635,,,2666,,,458,,,303,,,,,,,,,,,,,,,
TravelTime,5,,39.9,,,40.4,,,6.9,,,4.6,,,,,,,,,,,,,,,
Right Channeled,5,,,0,,,0,,,0,,,0,,,,,,,,,,,,,,
Alignment,5,0,0,1,0,0,1,0,0,1,0,0,1,,,,,,,,,,,,,,
Enter Blocked,5,0,0,0,0,0,0,0,0,0,0,0,0,,,,,,,,,,,,,,
HeadwayFact,5,1,1,1,1,1,1,1,1,1,1,1,1,,,,,,,,,,,,,,
Turning Speed,5,15,60,9,15,60,9,15,60,9,15,60,9,,,,,,,,,,,,,,
FirstDetect,5,,100,,,100,,,,,,,,,,,,,,,,,,,,,
LastDetect,5,,0,,,0,,,,,,,,,,,,,,,,,,,,,
Exit Lanes,5,,0,,,0,,,0,,,0,,,,,,,,,,,,,,,
CBD,5,,0,,,,,,,,,,,,,,,,,,,,,,,,
Lane Group Flow,5,0,0,0,0,0,0,0,0,0,0,0,0,,,,,,,,,,,,,,
Up Node,7,5,5,,,65,65,67,,67,,,,,,,,,,,,,,,,,
Dest Node,7,67,65,,,5,67,65,,5,,,,,,,,,,,,,,,,,
Lanes,7,1,2,,,2,0,1,,1,,,,,,,,,,,,,,,,,
Shared,7,0,0,,,2,,0,,,,,,,,,,,,,,,,,,,
Width,7,12,12,,,12,12,12,,12,,,,,,,,,,,,,,,,,
Storage,7,130,,,,,,65,,,,,,,,,,,,,,,,,,,
Taper,7,25,,,,,,25,,,,,,,,,,,,,,,,,,,
StLanes,7,1,,,,,,1,,,,,,,,,,,,,,,,,,,
Grade,7,,,,,,,,,,,,,,,,,,,,,,,,,,
Speed,7,,45,,,45,,45,,,,,,,,,,,,,,,,,,,
Phase1,7,5,2,,,6,,4,,,,,,,,,,,,,,,,,,,
PermPhase1,7,2,,,,,,,,4,,,,,,,,,,,,,,,,,
LostTime,7,4,4,,,4,4,4,,4,,,,,,,,,,,,,,,,,
Lost Time Adjust,7,0.5,0.5,,,0.5,0,0.5,,0.5,,,,,,,,,,,,,,,,,
IdealFlow,7,1900,1900,,,1900,1900,1900,,1900,,,,,,,,,,,,,,,,,
SatFlow,7,1863,3539,,,3539,0,1863,,1863,,,,,,,,,,,,,,,,,
SatFlowPerm,7,1863,3539,,,3539,0,1863,,1863,,,,,,,,,,,,,,,,,
Allow RTOR,7,1,1,,,1,1,1,,1,,,,,,,,,,,,,,,,,
SatFlowRTOR,7,0,0,,,0,0,0,,0,,,,,,,,,,,,,,,,,
Volume,7,0,0,,,0,0,0,,0,,,,,,,,,,,,,,,,,
Peds,7,0,0,,,0,0,0,,0,,,,,,,,,,,,,,,,,
Bicycles,7,0,0,,,0,0,0,,0,,,,,,,,,,,,,,,,,
PHF,7,0.92,0.92,,,0.92,0.92,0.92,,0.92,,,,,,,,,,,,,,,,,
Growth,7,100,100,,,100,100,100,,100,,,,,,,,,,,,,,,,,
HeavyVehicles,7,2,2,,,2,2,2,,2,,,,,,,,,,,,,,,,,
BusStops,7,0,0,,,0,0,0,,0,,,,,,,,,,,,,,,,,
Midblock,7,,0,,,0,,0,,,,,,,,,,,,,,,,,,,
Distance,7,,2666,,,1749,,1046,,,,,,,,,,,,,,,,,,,
TravelTime,7,,40.4,,,26.5,,15.8,,,,,,,,,,,,,,,,,,,
Right Channeled,7,,0,,,,0,,,0,,,,,,,,,,,,,,,,,
Alignment,7,0,0,,,0,1,0,,1,,,,,,,,,,,,,,,,,
Enter Blocked,7,0,0,,,0,0,0,,0,,,,,,,,,,,,,,,,,
HeadwayFact,7,1,1,,,1,1,1,,1,,,,,,,,,,,,,,,,,
Turning Speed,7,15,60,,,60,9,15,,9,,,,,,,,,,,,,,,,,
FirstDetect,7,20,100,,,100,,20,,20,,,,,,,,,,,,,,,,,
LastDetect,7,0,0,,,0,,0,,0,,,,,,,,,,,,,,,,,
DetectPhase1,7,5,2,,,6,,4,,4,,,,,,,,,,,,,,,,,
DetectPhase2,7,0,0,,,0,,0,,0,,,,,,,,,,,,,,,,,
DetectPhase3,7,0,0,,,0,,0,,0,,,,,,,,,,,,,,,,,
DetectPhase4,7,0,0,,,0,,0,,0,,,,,,,,,,,,,,,,,
SwitchPhase,7,0,0,,,0,,0,,0,,,,,,,,,,,,,,,,,
numDetects,7,1,1,,,1,,1,,1,,,,,,,,,,,,,,,,,
DetectPos1,7,0,0,,,0,,0,,0,,,,,,,,,,,,,,,,,
DetectSize1,7,20,100,,,100,,20,,20,,,,,,,,,,,,,,,,,
DetectType1,7,3,3,,,3,,3,,3,,,,,,,,,,,,,,,,,
DetectExtend1,7,0,0,,,0,,0,,0,,,,,,,,,,,,,,,,,
DetectQueue1,7,0,0,,,0,,0,,0,,,,,,,,,,,,,,,,,
DetectDelay1,7,0,0,,,0,,0,,0,,,,,,,,,,,,,,,,,
Exit Lanes,7,,0,,,0,,0,,,,,,,,,,,,,,,,,,,
CBD,7,,0,,,,,,,,,,,,,,,,,,,,,,,,
Lane Group Flow,7,0,0,,,0,0,0,,0,,,,,,,,,,,,,,,,,
Up Node,8,65,65,65,60,60,60,63,63,63,64,64,64,,,,,,,,,,,,,,
Dest Node,8,63,60,64,64,65,63,60,64,65,65,63,60,,,,,,,,,,,,,,
Lanes,8,1,2,1,1,2,0,1,1,0,1,1,0,,,,,,,,,,,,,,
Shared,8,0,0,,0,2,,0,2,,0,2,,,,,,,,,,,,,,,
Width,8,12,12,12,12,12,12,12,12,12,12,12,12,,,,,,,,,,,,,,
Storage,8,150,,370,170,,,75,,,250,,250,,,,,,,,,,,,,,
Taper,8,25,,25,25,,,25,,,25,,25,,,,,,,,,,,,,,
StLanes,8,1,,1,1,,,1,,,1,,0,,,,,,,,,,,,,,
Grade,8,,,,,,,,,,,,,,,,,,,,,,,,,,
Speed,8,,45,,,45,,,45,,,45,,,,,,,,,,,,,,,
Phase1,8,5,2,,1,6,,3,8,,7,4,,,,,,,,,,,,,,,
PermPhase1,8,2,,2,6,,,8,,,4,,,,,,,,,,,,,,,,
LostTime,8,4,4,4,4,4,4,4,4,4,4,4,4,,,,,,,,,,,,,,
Lost Time Adjust,8,0.5,0.5,0.5,0.5,0.5,0,0.5,0.5,0,0.5,0.5,0,,,,,,,,,,,,,,
IdealFlow,8,1900,1900,1900,1900,1900,1900,1900,1900,1900,1900,1900,1900,,,,,,,,,,,,,,
SatFlow,8,1770,3539,1583,1770,3504,0,1770,1837,0,1770,1824,0,,,,,,,,,,,,,,
SatFlowPerm,8,356,3539,1583,512,3504,0,991,1837,0,700,1824,0,,,,,,,,,,,,,,
Allow RTOR,8,1,1,1,1,1,1,1,1,1,1,1,1,,,,,,,,,,,,,,
SatFlowRTOR,8,0,0,88,0,7,0,0,4,0,0,7,0,,,,,,,,,,,,,,
Volume,8,75,700,35,50,775,55,50,250,25,30,150,25,,,,,,,,,,,,,,
Peds,8,0,0,0,0,0,0,0,0,0,0,0,0,,,,,,,,,,,,,,
Bicycles,8,0,0,0,0,0,0,0,0,0,0,0,0,,,,,,,,,,,,,,
PHF,8,0.92,0.92,0.92,0.92,0.92,0.92,0.92,0.92,0.92,0.92,0.92,0.92,,,,,,,,,,,,,,
Growth,8,100,100,100,100,100,100,100,100,100,100,100,100,,,,,,,,,,,,,,
HeavyVehicles,8,2,2,2,2,2,2,2,2,2,2,2,2,,,,,,,,,,,,,,
BusStops,8,0,0,0,0,0,0,0,0,0,0,0,0,,,,,,,,,,,,,,
Midblock,8,,0,,,0,,,0,,,0,,,,,,,,,,,,,,,
Distance,8,,1438,,,3361,,,1258,,,1450,,,,,,,,,,,,,,,
TravelTime,8,,21.8,,,50.9,,,19.1,,,22,,,,,,,,,,,,,,,
Right Channeled,8,,,0,,,0,,,0,,,0,,,,,,,,,,,,,,
Alignment,8,0,0,1,0,0,1,0,0,1,0,0,1,,,,,,,,,,,,,,
Enter Blocked,8,0,0,0,0,0,0,0,0,0,0,0,0,,,,,,,,,,,,,,
HeadwayFact,8,1,1,1,1,1,1,1,1,1,1,1,1,,,,,,,,,,,,,,
Turning Speed,8,15,60,9,15,60,9,15,60,9,15,60,9,,,,,,,,,,,,,,
FirstDetect,8,20,100,20,20,100,,20,100,,20,100,,,,,,,,,,,,,,,
LastDetect,8,0,0,0,0,0,,0,0,,0,0,,,,,,,,,,,,,,,
DetectPhase1,8,5,2,2,1,6,,3,8,,7,4,,,,,,,,,,,,,,,
DetectPhase2,8,0,0,0,0,0,,0,0,,0,0,,,,,,,,,,,,,,,
DetectPhase3,8,0,0,0,0,0,,0,0,,0,0,,,,,,,,,,,,,,,
DetectPhase4,8,0,0,0,0,0,,0,0,,0,0,,,,,,,,,,,,,,,
SwitchPhase,8,0,0,0,0,0,,0,0,,0,0,,,,,,,,,,,,,,,
numDetects,8,1,1,1,1,1,,1,1,,1,1,,,,,,,,,,,,,,,
DetectPos1,8,0,0,0,0,0,,0,0,,0,0,,,,,,,,,,,,,,,
DetectSize1,8,20,100,20,20,100,,20,100,,20,100,,,,,,,,,,,,,,,
DetectType1,8,3,3,3,3,3,,3,3,,3,3,,,,,,,,,,,,,,,
DetectExtend1,8,0,0,0,0,0,,0,0,,0,0,,,,,,,,,,,,,,,
DetectQueue1,8,0,0,0,0,0,,0,0,,0,0,,,,,,,,,,,,,,,
DetectDelay1,8,0,0,0,0,0,,0,0,,0,0,,,,,,,,,,,,,,,
Exit Lanes,8,,0,,,0,,,0,,,0,,,,,,,,,,,,,,,
CBD,8,,0,,,,,,,,,,,,,,,,,,,,,,,,
Lane Group Flow,8,82,761,38,54,902,0,54,299,0,33,190,0,,,,,,,,,,,,,,
Up Node,11,56,56,56,51,51,51,54,54,54,55,55,55,,,,,,,,,,,,,,
Dest Node,11,54,51,55,55,56,54,51,55,56,56,54,51,,,,,,,,,,,,,,
Lanes,11,1,2,1,1,2,0,1,1,0,1,1,0,,,,,,,,,,,,,,
Shared,11,0,0,,0,2,,0,2,,0,2,,,,,,,,,,,,,,,
Width,11,12,12,12,12,12,12,12,12,12,12,12,12,,,,,,,,,,,,,,
Storage,11,190,,200,185,,,100,,100,120,,120,,,,,,,,,,,,,,
Taper,11,25,,25,25,,,25,,25,25,,25,,,,,,,,,,,,,,
StLanes,11,1,,1,1,,,1,,0,1,,0,,,,,,,,,,,,,,
Grade,11,,,,,,,,,,,,,,,,,,,,,,,,,,
Speed,11,,45,,,45,,,45,,,45,,,,,,,,,,,,,,,
Phase1,11,5,2,,1,6,,,4,,,4,,,,,,,,,,,,,,,
PermPhase1,11,2,,2,6,,,4,,,4,,,,,,,,,,,,,,,,
LostTime,11,4,4,4,4,4,4,4,4,4,4,4,4,,,,,,,,,,,,,,
Lost Time Adjust,11,0.5,0.5,0.5,0.5,0.5,0,0.5,0.5,0,0.5,0.5,0,,,,,,,,,,,,,,
IdealFlow,11,1900,1900,1900,1900,1900,1900,1900,1900,1900,1900,1900,1900,,,,,,,,,,,,,,
SatFlow,11,1770,3539,1583,1770,3504,0,1770,1630,0,1770,1649,0,,,,,,,,,,,,,,
SatFlowPerm,11,492,3539,1583,512,3504,0,1302,1630,0,1298,1649,0,,,,,,,,,,,,,,
Allow RTOR,11,1,1,1,1,1,1,1,1,1,1,1,1,,,,,,,,,,,,,,
SatFlowRTOR,11,0,0,117,0,9,0,0,65,0,0,59,0,,,,,,,,,,,,,,
Volume,11,65,702,108,107,778,54,46,12,60,92,17,54,,,,,,,,,,,,,,
Peds,11,0,0,0,0,0,0,0,0,0,0,0,0,,,,,,,,,,,,,,
Bicycles,11,0,0,0,0,0,0,0,0,0,0,0,0,,,,,,,,,,,,,,
PHF,11,0.92,0.92,0.92,0.92,0.92,0.92,0.92,0.92,0.92,0.92,0.92,0.92,,,,,,,,,,,,,,
Growth,11,100,100,100,100,100,100,100,100,100,100,100,100,,,,,,,,,,,,,,
HeavyVehicles,11,2,2,2,2,2,2,2,2,2,2,2,2,,,,,,,,,,,,,,
BusStops,11,0,0,0,0,0,0,0,0,0,0,0,0,,,,,,,,,,,,,,
Midblock,11,,0,,,0,,,0,,,0,,,,,,,,,,,,,,,
Distance,11,,1780,,,651,,,520,,,660,,,,,,,,,,,,,,,
TravelTime,11,,27,,,9.9,,,7.9,,,10,,,,,,,,,,,,,,,
Right Channeled,11,,,0,,,0,,,0,,,0,,,,,,,,,,,,,,
Alignment,11,0,0,1,0,0,1,0,0,1,0,0,1,,,,,,,,,,,,,,
Enter Blocked,11,0,0,0,0,0,0,0,0,0,0,0,0,,,,,,,,,,,,,,
HeadwayFact,11,1,1,1,1,1,1,1,1,1,1,1,1,,,,,,,,,,,,,,
Turning Speed,11,15,60,9,15,60,9,15,60,9,15,60,9,,,,,,,,,,,,,,
FirstDetect,11,20,100,20,20,100,,20,100,,20,100,,,,,,,,,,,,,,,
LastDetect,11,0,0,0,0,0,,0,0,,0,0,,,,,,,,,,,,,,,
DetectPhase1,11,5,2,2,1,6,,4,4,,4,4,,,,,,,,,,,,,,,
DetectPhase2,11,0,0,0,0,0,,0,0,,0,0,,,,,,,,,,,,,,,
DetectPhase3,11,0,0,0,0,0,,0,0,,0,0,,,,,,,,,,,,,,,
DetectPhase4,11,0,0,0,0,0,,0,0,,0,0,,,,,,,,,,,,,,,
SwitchPhase,11,0,0,0,0,0,,0,0,,0,0,,,,,,,,,,,,,,,
numDetects,11,1,1,1,1,1,,1,1,,1,1,,,,,,,,,,,,,,,
DetectPos1,11,0,0,0,0,0,,0,0,,0,0,,,,,,,,,,,,,,,
DetectSize1,11,20,100,20,20,100,,20,100,,20,100,,,,,,,,,,,,,,,
DetectType1,11,3,3,3,3,3,,3,3,,3,3,,,,,,,,,,,,,,,
DetectExtend1,11,0,0,0,0,0,,0,0,,0,0,,,,,,,,,,,,,,,
DetectQueue1,11,0,0,0,0,0,,0,0,,0,0,,,,,,,,,,,,,,,
DetectDelay1,11,0,0,0,0,0,,0,0,,0,0,,,,,,,,,,,,,,,
Exit Lanes,11,,0,,,0,,,0,,,0,,,,,,,,,,,,,,,
CBD,11,,0,,,,,,,,,,,,,,,,,,,,,,,,
Lane Group Flow,11,71,763,117,116,905,0,50,78,0,100,77,0,,,,,,,,,,,,,,
Up Node,14,,,,47,,47,48,48,,,15,15,,,,,,,,,,,,,,
Dest Node,14,,,,15,,48,47,15,,,48,47,,,,,,,,,,,,,,
Lanes,14,,,,1,,1,1,2,,,2,0,,,,,,,,,,,,,,
Shared,14,,,,0,,,0,0,,,2,,,,,,,,,,,,,,,
Width,14,,,,12,,12,12,12,,,12,12,,,,,,,,,,,,,,
Storage,14,,,,,,,200,,,,,,,,,,,,,,,,,,,
Taper,14,,,,,,,25,,,,,,,,,,,,,,,,,,,
StLanes,14,,,,,,,1,,,,,,,,,,,,,,,,,,,
Grade,14,,,,,,,,,,,,,,,,,,,,,,,,,,
Speed,14,,,,45,,,,45,,,45,,,,,,,,,,,,,,,
Phase1,14,,,,8,,,5,2,,,6,,,,,,,,,,,,,,,
PermPhase1,14,,,,,,8,2,,,,,,,,,,,,,,,,,,,
LostTime,14,,,,4,,4,4,4,,,4,4,,,,,,,,,,,,,,
Lost Time Adjust,14,,,,0.5,,0.5,0.5,0.5,,,0.5,0,,,,,,,,,,,,,,
IdealFlow,14,,,,1900,,1900,1900,1900,,,1900,1900,,,,,,,,,,,,,,
SatFlow,14,,,,1770,,1583,1770,3539,,,3539,0,,,,,,,,,,,,,,
SatFlowPerm,14,,,,1770,,1583,367,3539,,,3539,0,,,,,,,,,,,,,,
Allow RTOR,14,,,,1,,1,1,1,,,1,1,,,,,,,,,,,,,,
SatFlowRTOR,14,,,,0,,11,0,0,,,0,0,,,,,,,,,,,,,,
Volume,14,,,,78,,10,4,910,,,982,0,,,,,,,,,,,,,,
Peds,14,,,,0,,0,0,0,,,0,0,,,,,,,,,,,,,,
Bicycles,14,,,,0,,0,0,0,,,0,0,,,,,,,,,,,,,,
PHF,14,,,,0.92,,0.92,0.92,0.92,,,0.92,0.92,,,,,,,,,,,,,,
Growth,14,,,,100,,100,100,100,,,100,100,,,,,,,,,,,,,,
HeavyVehicles,14,,,,2,,2,2,2,,,2,2,,,,,,,,,,,,,,
BusStops,14,,,,0,,0,0,0,,,0,0,,,,,,,,,,,,,,
Midblock,14,,,,0,,,,0,,,0,,,,,,,,,,,,,,,
Distance,14,,,,546,,,,2057,,,2058,,,,,,,,,,,,,,,
TravelTime,14,,,,8.3,,,,31.2,,,31.2,,,,,,,,,,,,,,,
Right Channeled,14,,,,,,0,,0,,,,0,,,,,,,,,,,,,,
Alignment,14,,,,0,,1,0,0,,,0,1,,,,,,,,,,,,,,
Enter Blocked,14,,,,0,,0,0,0,,,0,0,,,,,,,,,,,,,,
HeadwayFact,14,,,,1,,1,1,1,,,1,1,,,,,,,,,,,,,,
Turning Speed,14,,,,15,,9,15,60,,,60,9,,,,,,,,,,,,,,
FirstDetect,14,,,,20,,20,20,100,,,100,,,,,,,,,,,,,,,
LastDetect,14,,,,0,,0,0,0,,,0,,,,,,,,,,,,,,,
DetectPhase1,14,,,,8,,8,5,2,,,6,,,,,,,,,,,,,,,
DetectPhase2,14,,,,0,,0,0,0,,,0,,,,,,,,,,,,,,,
DetectPhase3,14,,,,0,,0,0,0,,,0,,,,,,,,,,,,,,,
DetectPhase4,14,,,,0,,0,0,0,,,0,,,,,,,,,,,,,,,
SwitchPhase,14,,,,0,,0,0,0,,,0,,,,,,,,,,,,,,,
numDetects,14,,,,1,,1,1,1,,,1,,,,,,,,,,,,,,,
DetectPos1,14,,,,0,,0,0,0,,,0,,,,,,,,,,,,,,,
DetectSize1,14,,,,20,,20,20,100,,,100,,,,,,,,,,,,,,,
DetectType1,14,,,,3,,3,3,3,,,3,,,,,,,,,,,,,,,
DetectExtend1,14,,,,0,,0,0,0,,,0,,,,,,,,,,,,,,,
DetectQueue1,14,,,,0,,0,0,0,,,0,,,,,,,,,,,,,,,
DetectDelay1,14,,,,0,,0,0,0,,,0,,,,,,,,,,,,,,,
Exit Lanes,14,,,,0,,,,0,,,0,,,,,,,,,,,,,,,
CBD,14,,,,,,,,0,,,,,,,,,,,,,,,,,,
Lane Group Flow,14,,,,85,,11,4,989,,,1067,0,,,,,,,,,,,,,,
Up Node,15,46,46,46,45,45,45,14,14,14,16,16,16,,,,,,,,,,,,,,
Dest Node,15,14,45,16,16,46,14,45,16,46,46,14,45,,,,,,,,,,,,,,
Lanes,15,1,1,0,1,1,0,1,2,0,1,2,0,,,,,,,,,,,,,,
Shared,15,0,2,,0,2,,0,2,,0,2,,,,,,,,,,,,,,,
Width,15,12,12,12,12,12,12,12,12,12,12,12,12,,,,,,,,,,,,,,
Storage,15,,,,,,,150,,,200,,,,,,,,,,,,,,,,
Taper,15,,,,,,,25,,,25,,,,,,,,,,,,,,,,
StLanes,15,,,,,,,1,,,1,,,,,,,,,,,,,,,,
Grade,15,,,,,,,,,,,,,,,,,,,,,,,,,,
Speed,15,,45,,,45,,,45,,,45,,,,,,,,,,,,,,,
Phase1,15,,4,,,4,,5,2,,1,6,,,,,,,,,,,,,,,
PermPhase1,15,4,,,4,,,2,,,6,,,,,,,,,,,,,,,,
LostTime,15,4,4,4,4,4,4,4,4,4,4,4,4,,,,,,,,,,,,,,
Lost Time Adjust,15,0.5,0.5,0,0.5,0.5,0,0.5,0.5,0,0.5,0.5,0,,,,,,,,,,,,,,
IdealFlow,15,1900,1900,1900,1900,1900,1900,1900,1900,1900,1900,1900,1900,,,,,,,,,,,,,,
SatFlow,15,1770,1701,0,1770,1628,0,1770,3532,0,1770,3529,0,,,,,,,,,,,,,,
SatFlowPerm,15,1317,1701,0,1388,1628,0,395,3532,0,466,3529,0,,,,,,,,,,,,,,
Allow RTOR,15,1,1,1,1,1,1,1,1,1,1,1,1,,,,,,,,,,,,,,
SatFlowRTOR,15,0,11,0,0,63,0,0,2,0,0,3,0,,,,,,,,,,,,,,
Volume,15,24,7,10,77,11,58,64,872,12,12,894,18,,,,,,,,,,,,,,
Peds,15,0,0,0,0,0,0,0,0,0,0,0,0,,,,,,,,,,,,,,
Bicycles,15,0,0,0,0,0,0,0,0,0,0,0,0,,,,,,,,,,,,,,
PHF,15,0.92,0.92,0.92,0.92,0.92,0.92,0.92,0.92,0.92,0.92,0.92,0.92,,,,,,,,,,,,,,
Growth,15,100,100,100,100,100,100,100,100,100,100,100,100,,,,,,,,,,,,,,
HeavyVehicles,15,2,2,2,2,2,2,2,2,2,2,2,2,,,,,,,,,,,,,,
BusStops,15,0,0,0,0,0,0,0,0,0,0,0,0,,,,,,,,,,,,,,
Midblock,15,,0,,,0,,,0,,,0,,,,,,,,,,,,,,,
Distance,15,,621,,,448,,,2058,,,1950,,,,,,,,,,,,,,,
TravelTime,15,,9.4,,,6.8,,,31.2,,,29.5,,,,,,,,,,,,,,,
Right Channeled,15,,,0,,,0,,,0,,,0,,,,,,,,,,,,,,
Alignment,15,0,0,1,0,0,1,0,0,1,0,0,1,,,,,,,,,,,,,,
Enter Blocked,15,0,0,0,0,0,0,0,0,0,0,0,0,,,,,,,,,,,,,,
HeadwayFact,15,1,1,1,1,1,1,1,1,1,1,1,1,,,,,,,,,,,,,,
Turning Speed,15,15,60,9,15,60,9,15,60,9,15,60,9,,,,,,,,,,,,,,
FirstDetect,15,20,100,,20,100,,20,100,,20,100,,,,,,,,,,,,,,,
LastDetect,15,0,0,,0,0,,0,0,,0,0,,,,,,,,,,,,,,,
DetectPhase1,15,4,4,,4,4,,5,2,,1,6,,,,,,,,,,,,,,,
DetectPhase2,15,0,0,,0,0,,0,0,,0,0,,,,,,,,,,,,,,,
DetectPhase3,15,0,0,,0,0,,0,0,,0,0,,,,,,,,,,,,,,,
DetectPhase4,15,0,0,,0,0,,0,0,,0,0,,,,,,,,,,,,,,,
SwitchPhase,15,0,0,,0,0,,0,0,,0,0,,,,,,,,,,,,,,,
numDetects,15,1,1,,1,1,,1,1,,1,1,,,,,,,,,,,,,,,
DetectPos1,15,0,0,,0,0,,0,0,,0,0,,,,,,,,,,,,,,,
DetectSize1,15,20,100,,20,100,,20,100,,20,100,,,,,,,,,,,,,,,
DetectType1,15,3,3,,3,3,,3,3,,3,3,,,,,,,,,,,,,,,
DetectExtend1,15,0,0,,0,0,,0,0,,0,0,,,,,,,,,,,,,,,
DetectQueue1,15,0,0,,0,0,,0,0,,0,0,,,,,,,,,,,,,,,
DetectDelay1,15,0,0,,0,0,,0,0,,0,0,,,,,,,,,,,,,,,
Exit Lanes,15,,0,,,0,,,0,,,0,,,,,,,,,,,,,,,
CBD,15,,0,,,,,,,,,,,,,,,,,,,,,,,,
Lane Group Flow,15,26,19,0,84,75,0,70,961,0,13,992,0,,,,,,,,,,,,,,
Up Node,16,,,,,,,,,,,,,15,15,15,44,44,44,21,21,21,17,17,17,,
Dest Node,16,,,,,,,,,,,,,21,17,44,15,21,17,17,44,15,44,15,21,,
Lanes,16,,,,,,,,,,,,,1,2,1,2,1,1,1,1,0,2,2,0,,
Shared,16,,,,,,,,,,,,,0,0,,0,0,,0,2,,0,0,,,
Width,16,,,,,,,,,,,,,12,12,12,12,12,12,12,12,12,12,12,12,,
Storage,16,,,,,,,,,,,,,150,,150,,,240,,,,200,,,,
Taper,16,,,,,,,,,,,,,25,,25,,,25,,,,25,,,,
StLanes,16,,,,,,,,,,,,,1,,1,,,1,,,,2,,,,
Grade,16,,,,,,,,,,,,,,,,,,,,,,,,,,
Speed,16,,,,,,,,,,,,,,45,,,45,,,45,,,45,,,
Phase1,16,,,,,,,,,,,,,5,2,,4,4,4,,3,,1,6,,,
PermPhase1,16,,,,,,,,,,,,,,,2,,,2,3,,,1,6,,,
LostTime,16,,,,,,,,,,,,,4,4,4,4,4,4,4,4,4,4,4,4,,
Lost Time Adjust,16,,,,,,,,,,,,,0.5,0.5,0.5,0.5,0.5,0.5,0.5,0.5,0,0.5,0.5,0,,
IdealFlow,16,,,,,,,,,,,,,1900,1900,1900,1900,1900,1900,1900,1900,1900,1900,1900,1900,,
SatFlow,16,,,,,,,,,,,,,1863,3539,1583,3433,1863,1583,1863,1863,0,3433,3539,0,,
SatFlowPerm,16,,,,,,,,,,,,,1863,3539,1583,3433,1863,1583,1863,1863,0,3433,3539,0,,
Allow RTOR,16,,,,,,,,,,,,,1,1,1,1,1,1,1,1,1,1,1,1,,
SatFlowRTOR,16,,,,,,,,,,,,,0,0,126,0,0,1091,0,0,0,0,0,0,,
Volume,16,,,,,,,,,,,,,0,173,73,808,0,161,0,0,0,52,828,0,,
Peds,16,,,,,,,,,,,,,0,0,0,0,0,0,0,0,0,0,0,0,,
Bicycles,16,,,,,,,,,,,,,0,0,0,0,0,0,0,0,0,0,0,0,,
PHF,16,,,,,,,,,,,,,0.92,0.92,0.92,0.92,0.92,0.92,0.92,0.92,0.92,0.92,0.92,0.92,,
Growth,16,,,,,,,,,,,,,100,100,100,100,100,100,100,100,100,100,100,100,,
HeavyVehicles,16,,,,,,,,,,,,,2,2,2,2,2,2,2,2,2,2,2,2,,
BusStops,16,,,,,,,,,,,,,0,0,0,0,0,0,0,0,0,0,0,0,,
Midblock,16,,,,,,,,,,,,,,0,,,0,,,0,,,0,,,
Distance,16,,,,,,,,,,,,,,1950,,,1301,,,465,,,2209,,,
TravelTime,16,,,,,,,,,,,,,,29.5,,,19.7,,,7,,,33.5,,,
Right Channeled,16,,,,,,,,,,,,,,,0,,,0,,,0,,,0,,
Alignment,16,,,,,,,,,,,,,0,0,1,0,0,1,0,0,1,0,0,1,,
Enter Blocked,16,,,,,,,,,,,,,0,0,0,0,0,0,0,0,0,0,0,0,,
HeadwayFact,16,,,,,,,,,,,,,1,1,1,1,1,1,1,1,1,1,1,1,,
Turning Speed,16,,,,,,,,,,,,,15,60,9,15,60,9,15,60,9,15,60,9,,
FirstDetect,16,,,,,,,,,,,,,20,100,20,20,100,20,20,100,,20,100,,,
LastDetect,16,,,,,,,,,,,,,0,0,0,0,0,0,0,0,,0,0,,,
DetectPhase1,16,,,,,,,,,,,,,5,2,2,4,4,4,3,3,,1,6,,,
DetectPhase2,16,,,,,,,,,,,,,0,0,0,0,0,0,0,0,,0,0,,,
DetectPhase3,16,,,,,,,,,,,,,0,0,0,0,0,0,0,0,,0,0,,,
DetectPhase4,16,,,,,,,,,,,,,0,0,0,0,0,0,0,0,,0,0,,,
SwitchPhase,16,,,,,,,,,,,,,0,0,0,0,0,0,0,0,,0,0,,,
numDetects,16,,,,,,,,,,,,,1,1,1,1,1,1,1,1,,1,1,,,
DetectPos1,16,,,,,,,,,,,,,0,0,0,0,0,0,0,0,,0,0,,,
DetectSize1,16,,,,,,,,,,,,,20,100,20,20,100,20,20,100,,20,100,,,
DetectType1,16,,,,,,,,,,,,,3,3,3,3,3,3,3,3,,3,3,,,
DetectExtend1,16,,,,,,,,,,,,,0,0,0,0,0,0,0,0,,0,0,,,
DetectQueue1,16,,,,,,,,,,,,,0,0,0,0,0,0,0,0,,0,0,,,
DetectDelay1,16,,,,,,,,,,,,,0,0,0,0,0,0,0,0,,0,0,,,
Exit Lanes,16,,,,,,,,,,,,,,0,,,0,,,0,,,0,,,
CBD,16,,,,,,,,,,,,,,0,,,,,,,,,,,,
Lane Group Flow,16,,,,,,,,,,,,,0,188,79,878,0,175,0,0,0,57,900,0,,
Up Node,17,,,,,,,,,,18,,18,,16,16,,,,,,,19,19,,,
Dest Node,17,,,,,,,,,,16,,19,,19,18,,,,,,,18,16,,,
Lanes,17,,,,,,,,,,1,,1,,2,0,,,,,,,1,2,,,
Shared,17,,,,,,,,,,0,,,,2,,,,,,,,0,0,,,
Width,17,,,,,,,,,,12,,12,,12,12,,,,,,,12,12,,,
Storage,17,,,,,,,,,,,,,,,,,,,,,,250,,,,
Taper,17,,,,,,,,,,,,,,,,,,,,,,25,,,,
StLanes,17,,,,,,,,,,,,,,,,,,,,,,1,,,,
Grade,17,,,,,,,,,,,,,,,,,,,,,,,,,,
Speed,17,,,,,,,,,,45,,,,45,,,,,,,,,45,,,
Phase1,17,,,,,,,,,,4,,,,2,,,,,,,,1,6,,,
PermPhase1,17,,,,,,,,,,,,4,,,,,,,,,,6,,,,
LostTime,17,,,,,,,,,,4,,4,,4,4,,,,,,,4,4,,,
Lost Time Adjust,17,,,,,,,,,,0.5,,0.5,,0.5,0,,,,,,,0.5,0.5,,,
IdealFlow,17,,,,,,,,,,1900,,1900,,1900,1900,,,,,,,1900,1900,,,
SatFlow,17,,,,,,,,,,1770,,1583,,3539,0,,,,,,,1770,3539,,,
SatFlowPerm,17,,,,,,,,,,1770,,1583,,3539,0,,,,,,,488,3539,,,
Allow RTOR,17,,,,,,,,,,1,,1,,1,1,,,,,,,1,1,,,
SatFlowRTOR,17,,,,,,,,,,0,,33,,0,0,,,,,,,0,0,,,
Volume,17,,,,,,,,,,30,,30,,816,0,,,,,,,17,881,,,
Peds,17,,,,,,,,,,0,,0,,0,0,,,,,,,0,0,,,
Bicycles,17,,,,,,,,,,0,,0,,0,0,,,,,,,0,0,,,
PHF,17,,,,,,,,,,0.92,,0.92,,0.92,0.92,,,,,,,0.92,0.92,,,
Growth,17,,,,,,,,,,100,,100,,100,100,,,,,,,100,100,,,
HeavyVehicles,17,,,,,,,,,,2,,2,,2,2,,,,,,,2,2,,,
BusStops,17,,,,,,,,,,0,,0,,0,0,,,,,,,0,0,,,
Midblock,17,,,,,,,,,,0,,,,0,,,,,,,,,0,,,
Distance,17,,,,,,,,,,840,,,,2209,,,,,,,,,3971,,,
TravelTime,17,,,,,,,,,,12.7,,,,33.5,,,,,,,,,60.2,,,
Right Channeled,17,,,,,,,,,,,,0,,,0,,,,,,,,0,,,
Alignment,17,,,,,,,,,,0,,1,,0,1,,,,,,,0,0,,,
Enter Blocked,17,,,,,,,,,,0,,0,,0,0,,,,,,,0,0,,,
HeadwayFact,17,,,,,,,,,,1,,1,,1,1,,,,,,,1,1,,,
Turning Speed,17,,,,,,,,,,15,,9,,60,9,,,,,,,15,60,,,
FirstDetect,17,,,,,,,,,,20,,20,,100,,,,,,,,20,100,,,
LastDetect,17,,,,,,,,,,0,,0,,0,,,,,,,,0,0,,,
DetectPhase1,17,,,,,,,,,,4,,4,,2,,,,,,,,1,6,,,
DetectPhase2,17,,,,,,,,,,0,,0,,0,,,,,,,,0,0,,,
DetectPhase3,17,,,,,,,,,,0,,0,,0,,,,,,,,0,0,,,
DetectPhase4,17,,,,,,,,,,0,,0,,0,,,,,,,,0,0,,,
SwitchPhase,17,,,,,,,,,,0,,0,,0,,,,,,,,0,0,,,
numDetects,17,,,,,,,,,,1,,1,,1,,,,,,,,1,1,,,
DetectPos1,17,,,,,,,,,,0,,0,,0,,,,,,,,0,0,,,
DetectSize1,17,,,,,,,,,,20,,20,,100,,,,,,,,20,100,,,
DetectType1,17,,,,,,,,,,3,,3,,3,,,,,,,,3,3,,,
DetectExtend1,17,,,,,,,,,,0,,0,,0,,,,,,,,0,0,,,
DetectQueue1,17,,,,,,,,,,0,,0,,0,,,,,,,,0,0,,,
DetectDelay1,17,,,,,,,,,,0,,0,,0,,,,,,,,0,0,,,
Exit Lanes,17,,,,,,,,,,0,,,,0,,,,,,,,,0,,,
CBD,17,,,,,,,,,,,,,,0,,,,,,,,,,,,
Lane Group Flow,17,,,,,,,,,,33,,33,,887,0,,,,,,,18,958,,,
Up Node,19,17,17,17,20,20,20,42,42,42,43,43,43,,,,,,,,,,,,,,
Dest Node,19,42,20,43,43,17,42,20,43,17,17,42,20,,,,,,,,,,,,,,
Lanes,19,1,2,1,1,2,0,1,1,1,1,1,1,,,,,,,,,,,,,,
Shared,19,0,0,,0,2,,0,0,,0,0,,,,,,,,,,,,,,,
Width,19,12,12,12,12,12,12,12,12,12,12,12,12,,,,,,,,,,,,,,
Storage,19,250,,150,250,,,100,,100,200,,200,,,,,,,,,,,,,,
Taper,19,25,,25,25,,,25,,25,25,,25,,,,,,,,,,,,,,
StLanes,19,1,,1,1,,,1,,1,1,,1,,,,,,,,,,,,,,
Grade,19,,,,,,,,,,,,,,,,,,,,,,,,,,
Speed,19,,45,,,45,,,45,,,45,,,,,,,,,,,,,,,
Phase1,19,5,2,,1,6,,3,8,,7,4,,,,,,,,,,,,,,,
PermPhase1,19,2,,2,6,,,8,,8,4,,4,,,,,,,,,,,,,,
LostTime,19,4,4,4,4,4,4,4,4,4,4,4,4,,,,,,,,,,,,,,
Lost Time Adjust,19,0.5,0.5,0.5,0.5,0.5,0,0.5,0.5,0.5,0.5,0.5,0.5,,,,,,,,,,,,,,
IdealFlow,19,1900,1900,1900,1900,1900,1900,1900,1900,1900,1900,1900,1900,,,,,,,,,,,,,,
SatFlow,19,1770,3539,1583,1770,3536,0,1770,1863,1583,1770,1863,1583,,,,,,,,,,,,,,
SatFlowPerm,19,490,3539,1583,533,3536,0,1410,1863,1583,1166,1863,1583,,,,,,,,,,,,,,
Allow RTOR,19,1,1,1,1,1,1,1,1,1,1,1,1,,,,,,,,,,,,,,
SatFlowRTOR,19,0,0,126,0,0,0,0,0,285,0,0,88,,,,,,,,,,,,,,
Volume,19,10,719,89,14,765,3,6,0,9,104,2,42,,,,,,,,,,,,,,
Peds,19,0,0,0,0,0,0,0,0,0,0,0,0,,,,,,,,,,,,,,
Bicycles,19,0,0,0,0,0,0,0,0,0,0,0,0,,,,,,,,,,,,,,
PHF,19,0.92,0.92,0.92,0.92,0.92,0.92,0.92,0.92,0.92,0.92,0.92,0.92,,,,,,,,,,,,,,
Growth,19,100,100,100,100,100,100,100,100,100,100,100,100,,,,,,,,,,,,,,
HeavyVehicles,19,2,2,2,2,2,2,2,2,2,2,2,2,,,,,,,,,,,,,,
BusStops,19,0,0,0,0,0,0,0,0,0,0,0,0,,,,,,,,,,,,,,
Midblock,19,,0,,,0,,,0,,,0,,,,,,,,,,,,,,,
Distance,19,,3971,,,2100,,,461,,,534,,,,,,,,,,,,,,,
TravelTime,19,,60.2,,,31.8,,,7,,,8.1,,,,,,,,,,,,,,,
Right Channeled,19,,,0,,,0,,,0,,,0,,,,,,,,,,,,,,
Alignment,19,0,0,1,0,0,1,0,0,1,0,0,1,,,,,,,,,,,,,,
Enter Blocked,19,0,0,0,0,0,0,0,0,0,0,0,0,,,,,,,,,,,,,,
HeadwayFact,19,1,1,1,1,1,1,1,1,1,1,1,1,,,,,,,,,,,,,,
Turning Speed,19,15,60,9,15,60,9,15,60,9,15,60,9,,,,,,,,,,,,,,
FirstDetect,19,20,100,20,20,100,,20,100,20,20,100,20,,,,,,,,,,,,,,
LastDetect,19,0,0,0,0,0,,0,0,0,0,0,0,,,,,,,,,,,,,,
DetectPhase1,19,5,2,2,1,6,,3,8,8,7,4,4,,,,,,,,,,,,,,
DetectPhase2,19,0,0,0,0,0,,0,0,0,0,0,0,,,,,,,,,,,,,,
DetectPhase3,19,0,0,0,0,0,,0,0,0,0,0,0,,,,,,,,,,,,,,
DetectPhase4,19,0,0,0,0,0,,0,0,0,0,0,0,,,,,,,,,,,,,,
SwitchPhase,19,0,0,0,0,0,,0,0,0,0,0,0,,,,,,,,,,,,,,
numDetects,19,1,1,1,1,1,,1,1,1,1,1,1,,,,,,,,,,,,,,
DetectPos1,19,0,0,0,0,0,,0,0,0,0,0,0,,,,,,,,,,,,,,
DetectSize1,19,20,100,20,20,100,,20,100,20,20,100,20,,,,,,,,,,,,,,
DetectType1,19,3,3,3,3,3,,3,3,3,3,3,3,,,,,,,,,,,,,,
DetectExtend1,19,0,0,0,0,0,,0,0,0,0,0,0,,,,,,,,,,,,,,
DetectQueue1,19,0,0,0,0,0,,0,0,0,0,0,0,,,,,,,,,,,,,,
DetectDelay1,19,0,0,0,0,0,,0,0,0,0,0,0,,,,,,,,,,,,,,
Exit Lanes,19,,0,,,0,,,0,,,0,,,,,,,,,,,,,,,
CBD,19,,0,,,,,,,,,,,,,,,,,,,,,,,,
Lane Group Flow,19,11,782,97,15,835,0,7,0,10,113,2,46,,,,,,,,,,,,,,
Up Node,20,,19,19,38,38,,,,,41,,41,,,,,,,,,,,,,,
Dest Node,20,,38,41,41,19,,,,,19,,38,,,,,,,,,,,,,,
Lanes,20,,2,0,0,2,,,,,1,,0,,,,,,,,,,,,,,
Shared,20,,0,,0,0,,,,,2,,,,,,,,,,,,,,,,
Width,20,,12,12,12,12,,,,,12,,12,,,,,,,,,,,,,,
Storage,20,,,,,,,,,,,,,,,,,,,,,,,,,,
Taper,20,,,,,,,,,,,,,,,,,,,,,,,,,,
StLanes,20,,,,,,,,,,,,,,,,,,,,,,,,,,
Grade,20,,,,,,,,,,,,,,,,,,,,,,,,,,
Speed,20,,45,,,45,,,,,45,,,,,,,,,,,,,,,,
Phase1,20,,2,,,6,,,,,4,,,,,,,,,,,,,,,,
LostTime,20,,4,4,4,4,,,,,4,,4,,,,,,,,,,,,,,
Lost Time Adjust,20,,0.5,0,0,0.5,,,,,0.5,,0,,,,,,,,,,,,,,
IdealFlow,20,,1900,1900,1900,1900,,,,,1900,,1900,,,,,,,,,,,,,,
SatFlow,20,,3539,0,0,3539,,,,,1863,,0,,,,,,,,,,,,,,
SatFlowPerm,20,,3539,0,0,3539,,,,,1863,,0,,,,,,,,,,,,,,
Allow RTOR,20,,1,1,1,1,,,,,1,,1,,,,,,,,,,,,,,
SatFlowRTOR,20,,0,0,0,0,,,,,0,,0,,,,,,,,,,,,,,
Volume,20,,0,0,0,0,,,,,0,,0,,,,,,,,,,,,,,
Peds,20,,0,0,0,0,,,,,0,,0,,,,,,,,,,,,,,
Bicycles,20,,0,0,0,0,,,,,0,,0,,,,,,,,,,,,,,
PHF,20,,0.92,0.92,0.92,0.92,,,,,0.92,,0.92,,,,,,,,,,,,,,
Growth,20,,100,100,100,100,,,,,100,,100,,,,,,,,,,,,,,
HeavyVehicles,20,,2,2,2,2,,,,,2,,2,,,,,,,,,,,,,,
BusStops,20,,0,0,0,0,,,,,0,,0,,,,,,,,,,,,,,
Midblock,20,,0,,,0,,,,,0,,,,,,,,,,,,,,,,
Distance,20,,2100,,,1581,,,,,798,,,,,,,,,,,,,,,,
TravelTime,20,,31.8,,,24,,,,,12.1,,,,,,,,,,,,,,,,
Right Channeled,20,,,0,,0,,,,,,,0,,,,,,,,,,,,,,
Alignment,20,,0,1,0,0,,,,,0,,1,,,,,,,,,,,,,,
Enter Blocked,20,,0,0,0,0,,,,,0,,0,,,,,,,,,,,,,,
HeadwayFact,20,,1,1,1,1,,,,,1,,1,,,,,,,,,,,,,,
Turning Speed,20,,60,9,15,60,,,,,15,,9,,,,,,,,,,,,,,
FirstDetect,20,,100,,,100,,,,,20,,,,,,,,,,,,,,,,
LastDetect,20,,0,,,0,,,,,0,,,,,,,,,,,,,,,,
DetectPhase1,20,,2,,,6,,,,,4,,,,,,,,,,,,,,,,
DetectPhase2,20,,0,,,0,,,,,0,,,,,,,,,,,,,,,,
DetectPhase3,20,,0,,,0,,,,,0,,,,,,,,,,,,,,,,
DetectPhase4,20,,0,,,0,,,,,0,,,,,,,,,,,,,,,,
SwitchPhase,20,,0,,,0,,,,,0,,,,,,,,,,,,,,,,
numDetects,20,,1,,,1,,,,,1,,,,,,,,,,,,,,,,
DetectPos1,20,,0,,,0,,,,,0,,,,,,,,,,,,,,,,
DetectSize1,20,,100,,,100,,,,,20,,,,,,,,,,,,,,,,
DetectType1,20,,3,,,3,,,,,3,,,,,,,,,,,,,,,,
DetectExtend1,20,,0,,,0,,,,,0,,,,,,,,,,,,,,,,
DetectQueue1,20,,0,,,0,,,,,0,,,,,,,,,,,,,,,,
DetectDelay1,20,,0,,,0,,,,,0,,,,,,,,,,,,,,,,
Exit Lanes,20,,0,,,0,,,,,0,,,,,,,,,,,,,,,,
CBD,20,,0,,,,,,,,,,,,,,,,,,,,,,,,
Lane Group Flow,20,,0,0,0,0,,,,,0,,0,,,,,,,,,,,,,,
Up Node,22,38,38,38,33,33,33,36,36,36,37,37,37,,,,,,,,,,,,,,
Dest Node,22,36,33,37,37,38,36,33,37,38,38,36,33,,,,,,,,,,,,,,
Lanes,22,1,2,0,1,2,0,0,1,0,0,1,0,,,,,,,,,,,,,,
Shared,22,0,2,,0,2,,0,3,,0,3,,,,,,,,,,,,,,,
Width,22,12,12,12,12,12,12,12,12,12,12,12,12,,,,,,,,,,,,,,
Storage,22,200,,,200,,,100,,,100,,,,,,,,,,,,,,,,
Taper,22,25,,,25,,,25,,,25,,,,,,,,,,,,,,,,
StLanes,22,1,,,1,,,0,,,0,,,,,,,,,,,,,,,,
Grade,22,,,,,,,,,,,,,,,,,,,,,,,,,,
Speed,22,,45,,,45,,,45,,,45,,,,,,,,,,,,,,,
SignControl,22,,0,,,0,,,1,,,1,,,,,,,,,,,,,,,
IdealFlow,22,1900,1900,1900,1900,1900,1900,1900,1900,1900,1900,1900,1900,,,,,,,,,,,,,,
SatFlow,22,1863,3539,0,1863,3539,0,0,1863,0,0,1863,0,,,,,,,,,,,,,,
SatFlowPerm,22,1863,3539,0,1863,3539,0,0,1863,0,0,1863,0,,,,,,,,,,,,,,
Allow RTOR,22,1,1,1,1,1,1,1,1,1,1,1,1,,,,,,,,,,,,,,
SatFlowRTOR,22,0,0,0,0,0,0,0,0,0,0,0,0,,,,,,,,,,,,,,
Volume,22,0,0,0,0,0,0,0,0,0,0,0,0,,,,,,,,,,,,,,
Peds,22,0,0,0,0,0,0,0,0,0,0,0,0,,,,,,,,,,,,,,
Bicycles,22,0,0,0,0,0,0,0,0,0,0,0,0,,,,,,,,,,,,,,
PHF,22,0.92,0.92,0.92,0.92,0.92,0.92,0.92,0.92,0.92,0.92,0.92,0.92,,,,,,,,,,,,,,
Growth,22,100,100,100,100,100,100,100,100,100,100,100,100,,,,,,,,,,,,,,
HeavyVehicles,22,2,2,2,2,2,2,2,2,2,2,2,2,,,,,,,,,,,,,,
BusStops,22,0,0,0,0,0,0,0,0,0,0,0,0,,,,,,,,,,,,,,
Midblock,22,,0,,,0,,,0,,,0,,,,,,,,,,,,,,,
Distance,22,,1282,,,1300,,,666,,,934,,,,,,,,,,,,,,,
TravelTime,22,,19.4,,,19.7,,,10.1,,,14.2,,,,,,,,,,,,,,,
Right Channeled,22,,,0,,,0,,,0,,,0,,,,,,,,,,,,,,
Alignment,22,0,0,1,0,0,1,0,0,1,0,0,1,,,,,,,,,,,,,,
Enter Blocked,22,0,0,0,0,0,0,0,0,0,0,0,0,,,,,,,,,,,,,,
HeadwayFact,22,1,1,1,1,1,1,1,1,1,1,1,1,,,,,,,,,,,,,,
Turning Speed,22,15,60,9,15,60,9,15,60,9,15,60,9,,,,,,,,,,,,,,
FirstDetect,22,20,100,,20,100,,20,100,,20,100,,,,,,,,,,,,,,,
LastDetect,22,0,0,,0,0,,0,0,,0,0,,,,,,,,,,,,,,,
Exit Lanes,22,,0,,,0,,,0,,,0,,,,,,,,,,,,,,,
CBD,22,,0,,,,,,,,,,,,,,,,,,,,,,,,
Lane Group Flow,22,0,0,0,0,0,0,0,0,0,0,0,0,,,,,,,,,,,,,,
Up Node,24,33,33,33,25,25,25,10,10,10,32,32,32,,,,,,,,,,,,,,
Dest Node,24,10,25,32,32,33,10,25,32,33,33,10,25,,,,,,,,,,,,,,
Lanes,24,1,2,1,1,2,0,1,1,0,1,1,1,,,,,,,,,,,,,,
Shared,24,0,0,,0,2,,0,2,,0,1,,,,,,,,,,,,,,,
Width,24,12,12,12,12,12,12,12,12,12,12,12,12,,,,,,,,,,,,,,
Storage,24,300,,250,250,,,100,,,,,200,,,,,,,,,,,,,,
Taper,24,25,,25,25,,,25,,,,,25,,,,,,,,,,,,,,
StLanes,24,1,,1,1,,,1,,,,,1,,,,,,,,,,,,,,
Grade,24,,,,,,,,,,,,,,,,,,,,,,,,,,
Speed,24,,45,,,45,,,45,,,25,,,,,,,,,,,,,,,
Phase1,24,5,2,,1,6,,3,8,,7,4,,,,,,,,,,,,,,,
PermPhase1,24,2,,2,6,,,,,,,,4,,,,,,,,,,,,,,
LostTime,24,4,4,4,4,4,4,4,4,4,4,4,4,,,,,,,,,,,,,,
Lost Time Adjust,24,0.5,0.5,0.5,0.5,0.5,0,0.5,0.5,0,0.5,0.5,0.5,,,,,,,,,,,,,,
IdealFlow,24,1900,1900,1900,1900,1900,1900,1900,1900,1900,1900,1900,1900,,,,,,,,,,,,,,
SatFlow,24,1770,3539,1583,1770,3504,0,1770,1609,0,1681,1695,1583,,,,,,,,,,,,,,
SatFlowPerm,24,712,3539,1583,495,3504,0,1770,1609,0,1681,1522,1583,,,,,,,,,,,,,,
Allow RTOR,24,1,1,1,1,1,1,1,1,1,1,1,1,,,,,,,,,,,,,,
SatFlowRTOR,24,0,0,126,0,8,0,0,20,0,0,0,126,,,,,,,,,,,,,,
Volume,24,29,678,34,2,612,41,3,2,18,71,5,25,,,,,,,,,,,,,,
Peds,24,0,0,0,0,0,0,0,0,0,0,0,0,,,,,,,,,,,,,,
Bicycles,24,0,0,0,0,0,0,0,0,0,0,0,0,,,,,,,,,,,,,,
PHF,24,0.92,0.92,0.92,0.92,0.92,0.92,0.92,0.92,0.92,0.92,0.92,0.92,,,,,,,,,,,,,,
Growth,24,100,100,100,100,100,100,100,100,100,100,100,100,,,,,,,,,,,,,,
HeavyVehicles,24,2,2,2,2,2,2,2,2,2,2,2,2,,,,,,,,,,,,,,
BusStops,24,0,0,0,0,0,0,0,0,0,0,0,0,,,,,,,,,,,,,,
Midblock,24,,0,,,0,,,0,,,0,,,,,,,,,,,,,,,
Distance,24,,4114,,,1327,,,580,,,750,,,,,,,,,,,,,,,
TravelTime,24,,62.3,,,20.1,,,8.8,,,20.5,,,,,,,,,,,,,,,
Right Channeled,24,,,0,,,0,,,0,,,0,,,,,,,,,,,,,,
Alignment,24,0,0,1,0,0,1,0,0,1,0,0,1,,,,,,,,,,,,,,
Enter Blocked,24,0,0,0,0,0,0,0,0,0,0,0,0,,,,,,,,,,,,,,
HeadwayFact,24,1,1,1,1,1,1,1,1,1,1,1,1,,,,,,,,,,,,,,
Turning Speed,24,15,60,9,15,60,9,15,60,9,15,60,9,,,,,,,,,,,,,,
FirstDetect,24,20,100,20,20,100,,20,100,,20,100,20,,,,,,,,,,,,,,
LastDetect,24,0,0,0,0,0,,0,0,,0,0,0,,,,,,,,,,,,,,
DetectPhase1,24,5,2,2,1,6,,3,8,,7,4,4,,,,,,,,,,,,,,
DetectPhase2,24,0,0,0,0,0,,0,0,,0,0,0,,,,,,,,,,,,,,
DetectPhase3,24,0,0,0,0,0,,0,0,,0,0,0,,,,,,,,,,,,,,
DetectPhase4,24,0,0,0,0,0,,0,0,,0,0,0,,,,,,,,,,,,,,
SwitchPhase,24,0,0,0,0,0,,0,0,,0,0,0,,,,,,,,,,,,,,
numDetects,24,1,1,1,1,1,,1,1,,1,1,1,,,,,,,,,,,,,,
DetectPos1,24,0,0,0,0,0,,0,0,,0,0,0,,,,,,,,,,,,,,
DetectSize1,24,20,100,20,20,100,,20,100,,20,100,20,,,,,,,,,,,,,,
DetectType1,24,3,3,3,3,3,,3,3,,3,3,3,,,,,,,,,,,,,,
DetectExtend1,24,0,0,0,0,0,,0,0,,0,0,0,,,,,,,,,,,,,,
DetectQueue1,24,0,0,0,0,0,,0,0,,0,0,0,,,,,,,,,,,,,,
DetectDelay1,24,0,0,0,0,0,,0,0,,0,0,0,,,,,,,,,,,,,,
Exit Lanes,24,,0,,,0,,,0,,,0,,,,,,,,,,,,,,,
CBD,24,,0,,,,,,,,,,,,,,,,,,,,,,,,
Traffic in shared lane,24,,,,,,,,,,*47,,,,,,,,,,,,,,,,
Lane Group Flow,24,32,737,37,2,710,0,3,22,0,41,41,27,,,,,,,,,,,,,,
Up Node,25,24,24,24,26,26,26,12,12,12,30,30,30,,,,,,,,,,,,,,
Dest Node,25,12,26,30,30,24,12,26,30,24,24,12,26,,,,,,,,,,,,,,
Lanes,25,1,3,1,2,2,1,1,1,1,1,1,1,,,,,,,,,,,,,,
Shared,25,0,0,,0,0,,0,0,,0,1,,,,,,,,,,,,,,,
Width,25,12,12,12,12,12,12,12,12,12,12,12,12,,,,,,,,,,,,,,
Storage,25,250,,250,200,,200,100,,100,,,,,,,,,,,,,,,,,
Taper,25,25,,25,25,,25,25,,25,,,,,,,,,,,,,,,,,
StLanes,25,1,,1,2,,1,1,,1,,,,,,,,,,,,,,,,,
Grade,25,,,,,,,,,,,,,,,,,,,,,,,,,,
Speed,25,,45,,,45,,,45,,,45,,,,,,,,,,,,,,,
Phase1,25,5,2,,1,6,,3,3,,4,4,,,,,,,,,,,,,,,
PermPhase1,25,,,2,,,6,,,3,,,4,,,,,,,,,,,,,,
LostTime,25,4,4,4,4,4,4,4,4,4,4,4,4,,,,,,,,,,,,,,
Lost Time Adjust,25,0.5,0.5,0.5,0.5,0.5,0.5,0.5,0.5,0.5,0.5,0.5,0.5,,,,,,,,,,,,,,
IdealFlow,25,1900,1900,1900,1900,1900,1900,1900,1900,1900,1900,1900,1900,,,,,,,,,,,,,,
SatFlow,25,1863,5085,1583,3433,3539,1583,1770,1863,1583,1681,1727,1583,,,,,,,,,,,,,,
SatFlowPerm,25,1863,5085,1583,3433,3539,1583,1770,1863,1583,1681,1727,1583,,,,,,,,,,,,,,
Allow RTOR,25,1,1,1,1,1,1,1,1,1,1,1,1,,,,,,,,,,,,,,
SatFlowRTOR,25,0,0,88,0,0,116,0,0,88,0,0,88,,,,,,,,,,,,,,
Volume,25,0,670,34,5,644,107,7,2,2,3,1,25,,,,,,,,,,,,,,
Peds,25,0,0,0,0,0,0,0,0,0,0,0,0,,,,,,,,,,,,,,
Bicycles,25,0,0,0,0,0,0,0,0,0,0,0,0,,,,,,,,,,,,,,
PHF,25,0.92,0.92,0.92,0.92,0.92,0.92,0.92,0.92,0.92,0.92,0.92,0.92,,,,,,,,,,,,,,
Growth,25,100,100,100,100,100,100,100,100,100,100,100,100,,,,,,,,,,,,,,
HeavyVehicles,25,2,2,2,2,2,2,2,2,2,2,2,2,,,,,,,,,,,,,,
BusStops,25,0,0,0,0,0,0,0,0,0,0,0,0,,,,,,,,,,,,,,
Midblock,25,,0,,,0,,,0,,,0,,,,,,,,,,,,,,,
Distance,25,,1327,,,1377,,,406,,,948,,,,,,,,,,,,,,,
TravelTime,25,,20.1,,,20.9,,,6.2,,,14.4,,,,,,,,,,,,,,,
Right Channeled,25,,,0,,,0,,,0,,,0,,,,,,,,,,,,,,
Alignment,25,0,0,1,0,0,1,0,0,1,0,0,1,,,,,,,,,,,,,,
Enter Blocked,25,0,0,0,0,0,0,0,0,0,0,0,0,,,,,,,,,,,,,,
HeadwayFact,25,1,1,1,1,1,1,1,1,1,1,1,1,,,,,,,,,,,,,,
Turning Speed,25,15,60,9,15,60,9,15,60,9,15,60,9,,,,,,,,,,,,,,
FirstDetect,25,20,100,20,20,100,20,20,100,20,20,100,20,,,,,,,,,,,,,,
LastDetect,25,0,0,0,0,0,0,0,0,0,0,0,0,,,,,,,,,,,,,,
DetectPhase1,25,5,2,2,1,6,6,3,3,3,4,4,4,,,,,,,,,,,,,,
DetectPhase2,25,0,0,0,0,0,0,0,0,0,0,0,0,,,,,,,,,,,,,,
DetectPhase3,25,0,0,0,0,0,0,0,0,0,0,0,0,,,,,,,,,,,,,,
DetectPhase4,25,0,0,0,0,0,0,0,0,0,0,0,0,,,,,,,,,,,,,,
SwitchPhase,25,0,0,0,0,0,0,0,0,0,0,0,0,,,,,,,,,,,,,,
numDetects,25,1,1,1,1,1,1,1,1,1,1,1,1,,,,,,,,,,,,,,
DetectPos1,25,0,0,0,0,0,0,0,0,0,0,0,0,,,,,,,,,,,,,,
DetectSize1,25,20,100,20,20,100,20,20,100,20,20,100,20,,,,,,,,,,,,,,
DetectType1,25,3,3,3,3,3,3,3,3,3,3,3,3,,,,,,,,,,,,,,
DetectExtend1,25,0,0,0,0,0,0,0,0,0,0,0,0,,,,,,,,,,,,,,
DetectQueue1,25,0,0,0,0,0,0,0,0,0,0,0,0,,,,,,,,,,,,,,
DetectDelay1,25,0,0,0,0,0,0,0,0,0,0,0,0,,,,,,,,,,,,,,
Exit Lanes,25,,0,,,0,,,0,,,0,,,,,,,,,,,,,,,
CBD,25,,0,,,,,,,,,,,,,,,,,,,,,,,,
Traffic in shared lane,25,,,,,,,,,,*33,,,,,,,,,,,,,,,,
Lane Group Flow,25,0,728,37,5,700,116,8,2,2,2,2,27,,,,,,,,,,,,,,
Up Node,26,25,25,25,29,29,29,27,27,27,28,28,28,,,,,,,,,,,,,,
Dest Node,26,27,29,28,28,25,27,29,28,25,25,27,29,,,,,,,,,,,,,,
Lanes,26,2,2,1,1,2,1,1,2,1,1,2,0,,,,,,,,,,,,,,
Shared,26,0,0,,0,2,,0,3,,0,2,,,,,,,,,,,,,,,
Width,26,12,12,12,12,12,12,12,12,12,12,12,12,,,,,,,,,,,,,,
Storage,26,1000,,250,250,,250,250,,350,215,,,,,,,,,,,,,,,,
Taper,26,25,,25,25,,25,25,,25,25,,,,,,,,,,,,,,,,
StLanes,26,2,,0,1,,1,1,,1,1,,,,,,,,,,,,,,,,
Grade,26,,,,,,,,,,,,,,,,,,,,,,,,,,
Speed,26,,45,,,45,,,45,,,45,,,,,,,,,,,,,,,
Phase1,26,5,2,,1,6,4,4,4,,3,3,,,,,,,,,,,,,,,
Phase2,26,,,,,8,6,7,7,,,,,,,,,,,,,,,,,,
Phase3,26,,,,,,7,,,,,,,,,,,,,,,,,,,,
PermPhase1,26,5,,2,,,4,,,5,,,,,,,,,,,,,,,,,
PermPhase2,26,,,,,,6,,,7,,,,,,,,,,,,,,,,,
PermPhase3,26,,,,,,7,,,,,,,,,,,,,,,,,,,,
LostTime,26,4,4,4,4,4,4,4,4,4,4,4,4,,,,,,,,,,,,,,
Lost Time Adjust,26,0.5,0.5,0.5,0.5,0.5,0.5,0.5,0.5,0.5,0.5,0.5,0,,,,,,,,,,,,,,
IdealFlow,26,1900,1900,1900,1900,1900,1900,1900,1900,1900,1900,1900,1900,,,,,,,,,,,,,,
SatFlow,26,3433,3539,1583,1770,3356,1441,1610,2935,1441,1770,3415,0,,,,,,,,,,,,,,
SatFlowPerm,26,3433,3539,1583,1770,3356,1441,1610,2935,1441,1770,3415,0,,,,,,,,,,,,,,
Allow RTOR,26,1,1,1,1,1,1,1,1,1,1,1,1,,,,,,,,,,,,,,
SatFlowRTOR,26,0,0,126,0,5,173,0,216,397,0,25,0,,,,,,,,,,,,,,
Volume,26,682,347,111,81,249,177,169,275,731,68,273,85,,,,,,,,,,,,,,
Peds,26,0,0,0,0,0,0,0,0,0,0,0,0,,,,,,,,,,,,,,
Bicycles,26,0,0,0,0,0,0,0,0,0,0,0,0,,,,,,,,,,,,,,
PHF,26,0.92,0.92,0.92,0.92,0.92,0.92,0.92,0.92,0.92,0.92,0.92,0.92,,,,,,,,,,,,,,
Growth,26,100,100,100,100,100,100,100,100,100,100,100,100,,,,,,,,,,,,,,
HeavyVehicles,26,2,2,2,2,2,2,2,2,2,2,2,2,,,,,,,,,,,,,,
BusStops,26,0,0,0,0,0,0,0,0,0,0,0,0,,,,,,,,,,,,,,
Midblock,26,,0,,,0,,,0,,,0,,,,,,,,,,,,,,,
Distance,26,,1377,,,933,,,1770,,,891,,,,,,,,,,,,,,,
TravelTime,26,,20.9,,,14.1,,,26.8,,,13.5,,,,,,,,,,,,,,,
Right Channeled,26,,,0,,,0,,,0,,,0,,,,,,,,,,,,,,
Alignment,26,0,0,1,0,0,1,0,0,1,0,0,1,,,,,,,,,,,,,,
Enter Blocked,26,0,0,0,0,0,0,0,0,0,0,0,0,,,,,,,,,,,,,,
HeadwayFact,26,1,1,1,1,1,1,1,1,1,1,1,1,,,,,,,,,,,,,,
Turning Speed,26,15,60,9,15,60,9,15,60,9,15,60,9,,,,,,,,,,,,,,
FirstDetect,26,20,100,20,20,100,20,20,100,20,20,100,,,,,,,,,,,,,,,
LastDetect,26,0,0,0,0,0,0,0,0,0,0,0,,,,,,,,,,,,,,,
DetectPhase1,26,5,2,2,1,6,4,4,4,5,3,3,,,,,,,,,,,,,,,
DetectPhase2,26,0,0,0,0,8,6,7,7,7,0,0,,,,,,,,,,,,,,,
DetectPhase3,26,0,0,0,0,0,7,0,0,0,0,0,,,,,,,,,,,,,,,
DetectPhase4,26,0,0,0,0,0,0,0,0,0,0,0,,,,,,,,,,,,,,,
SwitchPhase,26,0,0,0,0,0,0,0,0,0,0,0,,,,,,,,,,,,,,,
numDetects,26,1,1,1,1,1,1,1,1,1,1,1,,,,,,,,,,,,,,,
DetectPos1,26,0,0,0,0,0,0,0,0,0,0,0,,,,,,,,,,,,,,,
DetectSize1,26,20,100,20,20,100,20,20,100,20,20,100,,,,,,,,,,,,,,,
DetectType1,26,3,3,3,3,3,3,3,3,3,3,3,,,,,,,,,,,,,,,
DetectExtend1,26,0,0,0,0,0,0,0,0,0,0,0,,,,,,,,,,,,,,,
DetectQueue1,26,0,0,0,0,0,0,0,0,0,0,0,,,,,,,,,,,,,,,
DetectDelay1,26,0,0,0,0,0,0,0,0,0,0,0,,,,,,,,,,,,,,,
Exit Lanes,26,,0,,,0,,,0,,,0,,,,,,,,,,,,,,,
CBD,26,,0,,,,,,,,,,,,,,,,,,,,,,,,
Traffic in shared lane,26,,,,,,*10,*11,,*50,,,,,,,,,,,,,,,,,
Lane Group Flow,26,741,377,121,88,290,173,164,717,397,74,389,0,,,,,,,,,,,,,,
Up Node,33,22,22,22,24,24,24,34,34,34,35,35,35,,,,,,,,,,,,,,
Dest Node,33,34,24,35,35,22,34,24,35,22,22,34,24,,,,,,,,,,,,,,
Lanes,33,1,2,0,1,2,0,1,1,0,1,1,0,,,,,,,,,,,,,,
Shared,33,0,2,,0,2,,0,2,,0,2,,,,,,,,,,,,,,,
Width,33,12,12,12,12,12,12,12,12,12,12,12,12,,,,,,,,,,,,,,
Storage,33,250,,,250,,,,,,,,,,,,,,,,,,,,,,
Taper,33,25,,,25,,,,,,,,,,,,,,,,,,,,,,
StLanes,33,1,,,1,,,,,,,,,,,,,,,,,,,,,,
Grade,33,,,,,,,,,,,,,,,,,,,,,,,,,,
Speed,33,,45,,,45,,,45,,,45,,,,,,,,,,,,,,,
Phase1,33,,2,,,6,,,8,,,4,,,,,,,,,,,,,,,
PermPhase1,33,2,,,6,,,8,,,4,,,,,,,,,,,,,,,,
LostTime,33,4,4,4,4,4,4,4,4,4,4,4,4,,,,,,,,,,,,,,
Lost Time Adjust,33,0.5,0.5,0,0.5,0.5,0,0.5,0.5,0,0.5,0.5,0,,,,,,,,,,,,,,
IdealFlow,33,1900,1900,1900,1900,1900,1900,1900,1900,1900,1900,1900,1900,,,,,,,,,,,,,,
SatFlow,33,1770,3536,0,1770,3539,0,1770,1583,0,1770,1583,0,,,,,,,,,,,,,,
SatFlowPerm,33,607,3536,0,693,3539,0,1397,1583,0,1408,1583,0,,,,,,,,,,,,,,
Allow RTOR,33,1,1,1,1,1,1,1,1,1,1,1,1,,,,,,,,,,,,,,
SatFlowRTOR,33,0,1,0,0,1,0,0,279,0,0,341,0,,,,,,,,,,,,,,
Volume,33,1,642,3,13,750,2,8,0,3,2,0,11,,,,,,,,,,,,,,
Peds,33,0,0,0,0,0,0,0,0,0,0,0,0,,,,,,,,,,,,,,
Bicycles,33,0,0,0,0,0,0,0,0,0,0,0,0,,,,,,,,,,,,,,
PHF,33,0.92,0.92,0.92,0.92,0.92,0.92,0.92,0.92,0.92,0.92,0.92,0.92,,,,,,,,,,,,,,
Growth,33,100,100,100,100,100,100,100,100,100,100,100,100,,,,,,,,,,,,,,
HeavyVehicles,33,2,2,2,2,2,2,2,2,2,2,2,2,,,,,,,,,,,,,,
BusStops,33,0,0,0,0,0,0,0,0,0,0,0,0,,,,,,,,,,,,,,
Midblock,33,,0,,,0,,,0,,,0,,,,,,,,,,,,,,,
Distance,33,,1300,,,4114,,,595,,,742,,,,,,,,,,,,,,,
TravelTime,33,,19.7,,,62.3,,,9,,,11.2,,,,,,,,,,,,,,,
Right Channeled,33,,,0,,,0,,,0,,,0,,,,,,,,,,,,,,
Alignment,33,0,0,1,0,0,1,0,0,1,0,0,1,,,,,,,,,,,,,,
Enter Blocked,33,0,0,0,0,0,0,0,0,0,0,0,0,,,,,,,,,,,,,,
HeadwayFact,33,1,1,1,1,1,1,1,1,1,1,1,1,,,,,,,,,,,,,,
Turning Speed,33,15,60,9,15,60,9,15,60,9,15,60,9,,,,,,,,,,,,,,
FirstDetect,33,20,100,,20,100,,20,100,,20,100,,,,,,,,,,,,,,,
LastDetect,33,0,0,,0,0,,0,0,,0,0,,,,,,,,,,,,,,,
DetectPhase1,33,2,2,,6,6,,8,8,,4,4,,,,,,,,,,,,,,,
DetectPhase2,33,0,0,,0,0,,0,0,,0,0,,,,,,,,,,,,,,,
DetectPhase3,33,0,0,,0,0,,0,0,,0,0,,,,,,,,,,,,,,,
DetectPhase4,33,0,0,,0,0,,0,0,,0,0,,,,,,,,,,,,,,,
SwitchPhase,33,0,0,,0,0,,0,0,,0,0,,,,,,,,,,,,,,,
numDetects,33,1,1,,1,1,,1,1,,1,1,,,,,,,,,,,,,,,
DetectPos1,33,0,0,,0,0,,0,0,,0,0,,,,,,,,,,,,,,,
DetectSize1,33,20,100,,20,100,,20,100,,20,100,,,,,,,,,,,,,,,
DetectType1,33,3,3,,3,3,,3,3,,3,3,,,,,,,,,,,,,,,
DetectExtend1,33,0,0,,0,0,,0,0,,0,0,,,,,,,,,,,,,,,
DetectQueue1,33,0,0,,0,0,,0,0,,0,0,,,,,,,,,,,,,,,
DetectDelay1,33,0,0,,0,0,,0,0,,0,0,,,,,,,,,,,,,,,
Exit Lanes,33,,0,,,0,,,0,,,0,,,,,,,,,,,,,,,
CBD,33,,0,,,,,,,,,,,,,,,,,,,,,,,,
Lane Group Flow,33,1,701,0,14,817,0,9,3,0,2,12,0,,,,,,,,,,,,,,
Up Node,38,20,20,20,22,22,22,9,9,9,40,40,40,,,,,,,,,,,,,,
Dest Node,38,9,22,40,40,20,9,22,40,20,20,9,22,,,,,,,,,,,,,,
Lanes,38,1,2,0,1,2,0,1,1,0,1,1,0,,,,,,,,,,,,,,
Shared,38,0,0,,0,2,,0,2,,0,2,,,,,,,,,,,,,,,
Width,38,12,12,12,12,12,12,12,12,12,12,12,12,,,,,,,,,,,,,,
Storage,38,190,,,250,,,,,,,,,,,,,,,,,,,,,,
Taper,38,25,,,25,,,,,,,,,,,,,,,,,,,,,,
StLanes,38,1,,,1,,,,,,,,,,,,,,,,,,,,,,
Grade,38,,,,,,,,,,,,,,,,,,,,,,,,,,
Speed,38,,45,,,45,,,45,,,45,,,,,,,,,,,,,,,
Phase1,38,,2,,,2,,,4,,,4,,,,,,,,,,,,,,,
PermPhase1,38,2,,,2,,,4,,,4,,,,,,,,,,,,,,,,
LostTime,38,4,4,4,4,4,4,4,4,4,4,4,4,,,,,,,,,,,,,,
Lost Time Adjust,38,0.5,0.5,0,0.5,0.5,0,0.5,0.5,0,0.5,0.5,0,,,,,,,,,,,,,,
IdealFlow,38,1900,1900,1900,1900,1900,1900,1900,1900,1900,1900,1900,1900,,,,,,,,,,,,,,
SatFlow,38,1770,3522,0,1770,3522,0,1770,1621,0,1770,1863,0,,,,,,,,,,,,,,
SatFlowPerm,38,596,3522,0,633,3522,0,1406,1621,0,1375,1863,0,,,,,,,,,,,,,,
Allow RTOR,38,1,1,1,1,1,1,1,1,1,1,1,1,,,,,,,,,,,,,,
SatFlowRTOR,38,0,6,0,0,6,0,0,26,0,0,0,0,,,,,,,,,,,,,,
Volume,38,18,664,21,8,705,26,27,4,24,39,4,0,,,,,,,,,,,,,,
Peds,38,0,0,0,0,0,0,0,0,0,0,0,0,,,,,,,,,,,,,,
Bicycles,38,0,0,0,0,0,0,0,0,0,0,0,0,,,,,,,,,,,,,,
PHF,38,0.92,0.92,0.92,0.92,0.92,0.92,0.92,0.92,0.92,0.92,0.92,0.92,,,,,,,,,,,,,,
Growth,38,100,100,100,100,100,100,100,100,100,100,100,100,,,,,,,,,,,,,,
HeavyVehicles,38,2,2,2,2,2,2,2,2,2,2,2,2,,,,,,,,,,,,,,
BusStops,38,0,0,0,0,0,0,0,0,0,0,0,0,,,,,,,,,,,,,,
Midblock,38,,0,,,0,,,0,,,0,,,,,,,,,,,,,,,
Distance,38,,1581,,,1282,,,908,,,904,,,,,,,,,,,,,,,
TravelTime,38,,24,,,19.4,,,13.8,,,13.7,,,,,,,,,,,,,,,
Right Channeled,38,,,0,,,0,,,0,,,0,,,,,,,,,,,,,,
Alignment,38,0,0,1,0,0,1,0,0,1,0,0,1,,,,,,,,,,,,,,
Enter Blocked,38,0,0,0,0,0,0,0,0,0,0,0,0,,,,,,,,,,,,,,
HeadwayFact,38,1,1,1,1,1,1,1,1,1,1,1,1,,,,,,,,,,,,,,
Turning Speed,38,15,60,9,15,60,9,15,60,9,15,60,9,,,,,,,,,,,,,,
FirstDetect,38,20,100,,20,100,,20,100,,20,100,,,,,,,,,,,,,,,
LastDetect,38,0,0,,0,0,,0,0,,0,0,,,,,,,,,,,,,,,
DetectPhase1,38,2,2,,2,2,,4,4,,4,4,,,,,,,,,,,,,,,
DetectPhase2,38,0,0,,0,0,,0,0,,0,0,,,,,,,,,,,,,,,
DetectPhase3,38,0,0,,0,0,,0,0,,0,0,,,,,,,,,,,,,,,
DetectPhase4,38,0,0,,0,0,,0,0,,0,0,,,,,,,,,,,,,,,
SwitchPhase,38,0,0,,0,0,,0,0,,0,0,,,,,,,,,,,,,,,
numDetects,38,1,1,,1,1,,1,1,,1,1,,,,,,,,,,,,,,,
DetectPos1,38,0,0,,0,0,,0,0,,0,0,,,,,,,,,,,,,,,
DetectSize1,38,20,100,,20,100,,20,100,,20,100,,,,,,,,,,,,,,,
DetectType1,38,3,3,,3,3,,3,3,,3,3,,,,,,,,,,,,,,,
DetectExtend1,38,0,0,,0,0,,0,0,,0,0,,,,,,,,,,,,,,,
DetectQueue1,38,0,0,,0,0,,0,0,,0,0,,,,,,,,,,,,,,,
DetectDelay1,38,0,0,,0,0,,0,0,,0,0,,,,,,,,,,,,,,,
Exit Lanes,38,,0,,,0,,,0,,,0,,,,,,,,,,,,,,,
CBD,38,,0,,,,,,,,,,,,,,,,,,,,,,,,
Lane Group Flow,38,20,745,0,9,794,0,29,30,0,42,4,0,,,,,,,,,,,,,,
Up Node,48,51,51,51,14,14,14,49,49,49,50,50,50,,,,,,,,,,,,,,
Dest Node,48,49,14,50,50,51,49,14,50,51,51,49,14,,,,,,,,,,,,,,
Lanes,48,1,2,0,1,2,0,1,1,0,1,1,0,,,,,,,,,,,,,,
Shared,48,0,2,,0,2,,0,2,,0,2,,,,,,,,,,,,,,,
Width,48,12,12,12,12,12,12,12,12,12,12,12,12,,,,,,,,,,,,,,
Storage,48,190,,,270,,,100,,,100,,,,,,,,,,,,,,,,
Taper,48,25,,,25,,,25,,,25,,,,,,,,,,,,,,,,
StLanes,48,1,,,1,,,1,,,1,,,,,,,,,,,,,,,,
Grade,48,,,,,,,,,,,,,,,,,,,,,,,,,,
Speed,48,,45,,,45,,,45,,,45,,,,,,,,,,,,,,,
Phase1,48,5,2,,1,6,,3,8,,7,4,,,,,,,,,,,,,,,
PermPhase1,48,2,,,6,,,8,,,4,,,,,,,,,,,,,,,,
LostTime,48,4,4,4,4,4,4,4,4,4,4,4,4,,,,,,,,,,,,,,
Lost Time Adjust,48,0.5,0.5,0,0.5,0.5,0,0.5,0.5,0,0.5,0.5,0,,,,,,,,,,,,,,
IdealFlow,48,1900,1900,1900,1900,1900,1900,1900,1900,1900,1900,1900,1900,,,,,,,,,,,,,,
SatFlow,48,1770,3514,0,1770,3529,0,1770,1697,0,1770,1745,0,,,,,,,,,,,,,,
SatFlowPerm,48,455,3514,0,443,3529,0,1075,1697,0,1276,1745,0,,,,,,,,,,,,,,
Allow RTOR,48,1,1,1,1,1,1,1,1,1,1,1,1,,,,,,,,,,,,,,
SatFlowRTOR,48,0,5,0,0,2,0,0,57,0,0,24,0,,,,,,,,,,,,,,
Volume,48,54,730,38,15,689,16,193,41,61,84,42,30,,,,,,,,,,,,,,
Peds,48,0,0,0,0,0,0,0,0,0,0,0,0,,,,,,,,,,,,,,
Bicycles,48,0,0,0,0,0,0,0,0,0,0,0,0,,,,,,,,,,,,,,
PHF,48,0.92,0.92,0.92,0.92,0.92,0.92,0.92,0.92,0.92,0.92,0.92,0.92,,,,,,,,,,,,,,
Growth,48,100,100,100,100,100,100,100,100,100,100,100,100,,,,,,,,,,,,,,
HeavyVehicles,48,2,2,2,2,2,2,2,2,2,2,2,2,,,,,,,,,,,,,,
BusStops,48,0,0,0,0,0,0,0,0,0,0,0,0,,,,,,,,,,,,,,
Midblock,48,,0,,,0,,,0,,,0,,,,,,,,,,,,,,,
Distance,48,,2865,,,2057,,,1174,,,1224,,,,,,,,,,,,,,,
TravelTime,48,,43.4,,,31.2,,,17.8,,,18.5,,,,,,,,,,,,,,,
Right Channeled,48,,,0,,,0,,,0,,,0,,,,,,,,,,,,,,
Alignment,48,0,0,1,0,0,1,0,0,1,0,0,1,,,,,,,,,,,,,,
Enter Blocked,48,0,0,0,0,0,0,0,0,0,0,0,0,,,,,,,,,,,,,,
HeadwayFact,48,1,1,1,1,1,1,1,1,1,1,1,1,,,,,,,,,,,,,,
Turning Speed,48,15,60,9,15,60,9,15,60,9,15,60,9,,,,,,,,,,,,,,
FirstDetect,48,20,100,,20,100,,20,100,,20,100,,,,,,,,,,,,,,,
LastDetect,48,0,0,,0,0,,0,0,,0,0,,,,,,,,,,,,,,,
DetectPhase1,48,5,2,,1,6,,3,8,,7,4,,,,,,,,,,,,,,,
DetectPhase2,48,0,0,,0,0,,0,0,,0,0,,,,,,,,,,,,,,,
DetectPhase3,48,0,0,,0,0,,0,0,,0,0,,,,,,,,,,,,,,,
DetectPhase4,48,0,0,,0,0,,0,0,,0,0,,,,,,,,,,,,,,,
SwitchPhase,48,0,0,,0,0,,0,0,,0,0,,,,,,,,,,,,,,,
numDetects,48,1,1,,1,1,,1,1,,1,1,,,,,,,,,,,,,,,
DetectPos1,48,0,0,,0,0,,0,0,,0,0,,,,,,,,,,,,,,,
DetectSize1,48,20,100,,20,100,,20,100,,20,100,,,,,,,,,,,,,,,
DetectType1,48,3,3,,3,3,,3,3,,3,3,,,,,,,,,,,,,,,
DetectExtend1,48,0,0,,0,0,,0,0,,0,0,,,,,,,,,,,,,,,
DetectQueue1,48,0,0,,0,0,,0,0,,0,0,,,,,,,,,,,,,,,
DetectDelay1,48,0,0,,0,0,,0,0,,0,0,,,,,,,,,,,,,,,
Exit Lanes,48,,0,,,0,,,0,,,0,,,,,,,,,,,,,,,
CBD,48,,0,,,,,,,,,,,,,,,,,,,,,,,,
Lane Group Flow,48,59,834,0,16,766,0,210,111,0,91,79,0,,,,,,,,,,,,,,
Up Node,51,11,11,11,48,48,48,52,52,52,53,53,53,,,,,,,,,,,,,,
Dest Node,51,52,48,53,53,11,52,48,53,11,11,52,48,,,,,,,,,,,,,,
Lanes,51,1,2,0,1,2,1,2,1,1,0,2,0,,,,,,,,,,,,,,
Shared,51,0,2,,0,0,,0,0,,0,3,,,,,,,,,,,,,,,
Width,51,12,12,12,12,12,12,12,12,12,12,12,12,,,,,,,,,,,,,,
Storage,51,260,,,190,,200,135,,,45,,,,,,,,,,,,,,,,
Taper,51,25,,,25,,25,25,,,25,,,,,,,,,,,,,,,,
StLanes,51,1,,,1,,1,2,,,1,,,,,,,,,,,,,,,,
Grade,51,,,,,,,,,,,,,,,,,,,,,,,,,,
Speed,51,,45,,,45,,,45,,,45,,,,,,,,,,,,,,,
Phase1,51,5,2,,1,6,,3,3,,4,4,,,,,,,,,,,,,,,
PermPhase1,51,2,,,6,,6,,,3,,,,,,,,,,,,,,,,,
LostTime,51,4,4,4,4,4,4,4,4,4,4,4,4,,,,,,,,,,,,,,
Lost Time Adjust,51,0.5,0.5,0,0.5,0.5,0.5,0.5,0.5,0.5,0.5,0.5,0,,,,,,,,,,,,,,
IdealFlow,51,1900,1900,1900,1900,1900,1900,1900,1900,1900,1900,1900,1900,,,,,,,,,,,,,,
SatFlow,51,1770,3518,0,1770,3539,1583,3433,1863,1583,0,3430,0,,,,,,,,,,,,,,
SatFlowPerm,51,421,3518,0,732,3539,1583,3433,1863,1583,0,3430,0,,,,,,,,,,,,,,
Allow RTOR,51,1,1,1,1,1,1,1,1,1,1,1,1,,,,,,,,,,,,,,
SatFlowRTOR,51,0,5,0,0,0,174,0,0,279,0,6,0,,,,,,,,,,,,,,
Volume,51,244,603,23,13,675,160,273,47,257,24,40,6,,,,,,,,,,,,,,
Peds,51,0,0,0,0,0,0,0,0,0,0,0,0,,,,,,,,,,,,,,
Bicycles,51,0,0,0,0,0,0,0,0,0,0,0,0,,,,,,,,,,,,,,
PHF,51,0.92,0.92,0.92,0.92,0.92,0.92,0.92,0.92,0.92,0.92,0.92,0.92,,,,,,,,,,,,,,
Growth,51,100,100,100,100,100,100,100,100,100,100,100,100,,,,,,,,,,,,,,
HeavyVehicles,51,2,2,2,2,2,2,2,2,2,2,2,2,,,,,,,,,,,,,,
BusStops,51,0,0,0,0,0,0,0,0,0,0,0,0,,,,,,,,,,,,,,
Midblock,51,,0,,,0,,,0,,,0,,,,,,,,,,,,,,,
Distance,51,,651,,,2865,,,615,,,1080,,,,,,,,,,,,,,,
TravelTime,51,,9.9,,,43.4,,,9.3,,,16.4,,,,,,,,,,,,,,,
Right Channeled,51,,,0,,,0,,,0,,,0,,,,,,,,,,,,,,
Alignment,51,0,0,1,0,0,1,0,0,1,0,0,1,,,,,,,,,,,,,,
Enter Blocked,51,0,0,0,0,0,0,0,0,0,0,0,0,,,,,,,,,,,,,,
HeadwayFact,51,1,1,1,1,1,1,1,1,1,1,1,1,,,,,,,,,,,,,,
Turning Speed,51,15,60,9,15,60,9,15,60,9,15,60,9,,,,,,,,,,,,,,
FirstDetect,51,20,100,,20,100,20,20,100,20,20,100,,,,,,,,,,,,,,,
LastDetect,51,0,0,,0,0,0,0,0,0,0,0,,,,,,,,,,,,,,,
DetectPhase1,51,5,2,,1,6,6,3,3,3,4,4,,,,,,,,,,,,,,,
DetectPhase2,51,0,0,,0,0,0,0,0,0,0,0,,,,,,,,,,,,,,,
DetectPhase3,51,0,0,,0,0,0,0,0,0,0,0,,,,,,,,,,,,,,,
DetectPhase4,51,0,0,,0,0,0,0,0,0,0,0,,,,,,,,,,,,,,,
SwitchPhase,51,0,0,,0,0,0,0,0,0,0,0,,,,,,,,,,,,,,,
numDetects,51,1,1,,1,1,1,1,1,1,1,1,,,,,,,,,,,,,,,
DetectPos1,51,0,0,,0,0,0,0,0,0,0,0,,,,,,,,,,,,,,,
DetectSize1,51,20,100,,20,100,20,20,100,20,20,100,,,,,,,,,,,,,,,
DetectType1,51,3,3,,3,3,3,3,3,3,3,3,,,,,,,,,,,,,,,
DetectExtend1,51,0,0,,0,0,0,0,0,0,0,0,,,,,,,,,,,,,,,
DetectQueue1,51,0,0,,0,0,0,0,0,0,0,0,,,,,,,,,,,,,,,
DetectDelay1,51,0,0,,0,0,0,0,0,0,0,0,,,,,,,,,,,,,,,
Exit Lanes,51,,0,,,0,,,0,,,0,,,,,,,,,,,,,,,
CBD,51,,0,,,,,,,,,,,,,,,,,,,,,,,,
Lane Group Flow,51,265,680,0,14,734,174,297,51,279,0,76,0,,,,,,,,,,,,,,
Up Node,56,60,60,60,11,11,11,57,57,57,58,58,58,,,,,,,,,,,,,,
Dest Node,56,57,11,58,58,60,57,11,58,60,60,57,11,,,,,,,,,,,,,,
Lanes,56,1,2,0,1,2,0,1,1,1,1,2,0,,,,,,,,,,,,,,
Shared,56,0,2,,0,2,,0,0,,0,2,,,,,,,,,,,,,,,
Width,56,12,12,12,12,12,12,12,12,12,12,12,12,,,,,,,,,,,,,,
Storage,56,340,,,325,,,150,,,90,,90,,,,,,,,,,,,,,
Taper,56,25,,,25,,,25,,,25,,25,,,,,,,,,,,,,,
StLanes,56,1,,,1,,,1,,,2,,0,,,,,,,,,,,,,,
Grade,56,,,,,,,,,,,,,,,,,,,,,,,,,,
Speed,56,,45,,,45,,,45,,,45,,,,,,,,,,,,,,,
Phase1,56,5,2,,1,6,,3,8,,7,4,,,,,,,,,,,,,,,
PermPhase1,56,2,,,6,,,8,,8,4,,,,,,,,,,,,,,,,
LostTime,56,4,4,4,4,4,4,4,4,4,4,4,4,,,,,,,,,,,,,,
Lost Time Adjust,56,0.5,0.5,0,0.5,0.5,0,0.5,0.5,0.5,0.5,0.5,0,,,,,,,,,,,,,,
IdealFlow,56,1900,1900,1900,1900,1900,1900,1900,1900,1900,1900,1900,1900,,,,,,,,,,,,,,
SatFlow,56,1770,3522,0,1770,3465,0,1770,1863,1583,1770,3429,0,,,,,,,,,,,,,,
SatFlowPerm,56,298,3522,0,671,3465,0,976,1863,1583,1287,3429,0,,,,,,,,,,,,,,
Allow RTOR,56,1,1,1,1,1,1,1,1,1,1,1,1,,,,,,,,,,,,,,
SatFlowRTOR,56,0,5,0,0,17,0,0,0,220,0,20,0,,,,,,,,,,,,,,
Volume,56,303,682,26,37,708,116,109,94,202,29,104,27,,,,,,,,,,,,,,
Peds,56,0,0,0,0,0,0,0,0,0,0,0,0,,,,,,,,,,,,,,
Bicycles,56,0,0,0,0,0,0,0,0,0,0,0,0,,,,,,,,,,,,,,
PHF,56,0.92,0.92,0.92,0.92,0.92,0.92,0.92,0.92,0.92,0.92,0.92,0.92,,,,,,,,,,,,,,
Growth,56,100,100,100,100,100,100,100,100,100,100,100,100,,,,,,,,,,,,,,
HeavyVehicles,56,2,2,2,2,2,2,2,2,2,2,2,2,,,,,,,,,,,,,,
BusStops,56,0,0,0,0,0,0,0,0,0,0,0,0,,,,,,,,,,,,,,
Midblock,56,,0,,,0,,,0,,,0,,,,,,,,,,,,,,,
Distance,56,,2655,,,1780,,,1954,,,292,,,,,,,,,,,,,,,
TravelTime,56,,40.2,,,27,,,29.6,,,4.4,,,,,,,,,,,,,,,
Right Channeled,56,,,0,,,0,,,0,,,0,,,,,,,,,,,,,,
Alignment,56,0,0,1,0,0,1,0,0,1,0,0,1,,,,,,,,,,,,,,
Enter Blocked,56,0,0,0,0,0,0,0,0,0,0,0,0,,,,,,,,,,,,,,
HeadwayFact,56,1,1,1,1,1,1,1,1,1,1,1,1,,,,,,,,,,,,,,
Turning Speed,56,15,60,9,15,60,9,15,60,9,15,60,9,,,,,,,,,,,,,,
FirstDetect,56,20,100,,20,100,,20,100,20,20,100,,,,,,,,,,,,,,,
LastDetect,56,0,0,,0,0,,0,0,0,0,0,,,,,,,,,,,,,,,
DetectPhase1,56,5,2,,1,6,,3,8,8,7,4,,,,,,,,,,,,,,,
DetectPhase2,56,0,0,,0,0,,0,0,0,0,0,,,,,,,,,,,,,,,
DetectPhase3,56,0,0,,0,0,,0,0,0,0,0,,,,,,,,,,,,,,,
DetectPhase4,56,0,0,,0,0,,0,0,0,0,0,,,,,,,,,,,,,,,
SwitchPhase,56,0,0,,0,0,,0,0,0,0,0,,,,,,,,,,,,,,,
numDetects,56,1,1,,1,1,,1,1,1,1,1,,,,,,,,,,,,,,,
DetectPos1,56,0,0,,0,0,,0,0,0,0,0,,,,,,,,,,,,,,,
DetectSize1,56,20,100,,20,100,,20,100,20,20,100,,,,,,,,,,,,,,,
DetectType1,56,3,3,,3,3,,3,3,3,3,3,,,,,,,,,,,,,,,
DetectExtend1,56,0,0,,0,0,,0,0,0,0,0,,,,,,,,,,,,,,,
DetectQueue1,56,0,0,,0,0,,0,0,0,0,0,,,,,,,,,,,,,,,
DetectDelay1,56,0,0,,0,0,,0,0,0,0,0,,,,,,,,,,,,,,,
Exit Lanes,56,,0,,,0,,,0,,,0,,,,,,,,,,,,,,,
CBD,56,,0,,,,,,,,,,,,,,,,,,,,,,,,
Lane Group Flow,56,329,769,0,40,896,0,118,102,220,32,142,0,,,,,,,,,,,,,,
Up Node,60,8,8,8,56,56,56,61,61,61,62,62,62,,,,,,,,,,,,,,
Dest Node,60,61,56,62,62,8,61,56,62,8,8,61,56,,,,,,,,,,,,,,
Lanes,60,1,2,0,1,2,0,1,1,0,1,1,0,,,,,,,,,,,,,,
Shared,60,0,2,,0,2,,0,2,,0,2,,,,,,,,,,,,,,,
Width,60,12,12,12,12,12,12,12,12,12,12,12,12,,,,,,,,,,,,,,
Storage,60,115,,,215,,,200,,,100,,,,,,,,,,,,,,,,
Taper,60,25,,,25,,,25,,,25,,,,,,,,,,,,,,,,
StLanes,60,1,,,1,,,1,,,1,,,,,,,,,,,,,,,,
Grade,60,,,,,,,,,,,,,,,,,,,,,,,,,,
Speed,60,,45,,,45,,,45,,,45,,,,,,,,,,,,,,,
Phase1,60,5,2,,1,6,,,8,,,4,,,,,,,,,,,,,,,
PermPhase1,60,2,,,6,,,8,,,4,,,,,,,,,,,,,,,,
LostTime,60,4,4,4,4,4,4,4,4,4,4,4,4,,,,,,,,,,,,,,
Lost Time Adjust,60,0.5,0.5,0,0.5,0.5,0,0.5,0.5,0,0.5,0.5,0,,,,,,,,,,,,,,
IdealFlow,60,1900,1900,1900,1900,1900,1900,1900,1900,1900,1900,1900,1900,,,,,,,,,,,,,,
SatFlow,60,1770,3522,0,1770,3507,0,1770,1665,0,1770,1775,0,,,,,,,,,,,,,,
SatFlowPerm,60,464,3522,0,475,3507,0,1324,1665,0,920,1775,0,,,,,,,,,,,,,,
Allow RTOR,60,1,1,1,1,1,1,1,1,1,1,1,1,,,,,,,,,,,,,,
SatFlowRTOR,60,0,4,0,0,7,0,0,97,0,0,18,0,,,,,,,,,,,,,,
Volume,60,71,792,29,23,701,42,75,58,141,41,44,20,,,,,,,,,,,,,,
Peds,60,0,0,0,0,0,0,0,0,0,0,0,0,,,,,,,,,,,,,,
Bicycles,60,0,0,0,0,0,0,0,0,0,0,0,0,,,,,,,,,,,,,,
PHF,60,0.92,0.92,0.92,0.92,0.92,0.92,0.92,0.92,0.92,0.92,0.92,0.92,,,,,,,,,,,,,,
Growth,60,100,100,100,100,100,100,100,100,100,100,100,100,,,,,,,,,,,,,,
HeavyVehicles,60,2,2,2,2,2,2,2,2,2,2,2,2,,,,,,,,,,,,,,
BusStops,60,0,0,0,0,0,0,0,0,0,0,0,0,,,,,,,,,,,,,,
Midblock,60,,0,,,0,,,0,,,0,,,,,,,,,,,,,,,
Distance,60,,3361,,,2655,,,1388,,,922,,,,,,,,,,,,,,,
TravelTime,60,,50.9,,,40.2,,,21,,,14,,,,,,,,,,,,,,,
Right Channeled,60,,,0,,,0,,,0,,,0,,,,,,,,,,,,,,
Alignment,60,0,0,1,0,0,1,0,0,1,0,0,1,,,,,,,,,,,,,,
Enter Blocked,60,0,0,0,0,0,0,0,0,0,0,0,0,,,,,,,,,,,,,,
HeadwayFact,60,1,1,1,1,1,1,1,1,1,1,1,1,,,,,,,,,,,,,,
Turning Speed,60,15,60,9,15,60,9,15,60,9,15,60,9,,,,,,,,,,,,,,
FirstDetect,60,20,100,,20,100,,20,100,,20,100,,,,,,,,,,,,,,,
LastDetect,60,0,0,,0,0,,0,0,,0,0,,,,,,,,,,,,,,,
DetectPhase1,60,5,2,,1,6,,8,8,,4,4,,,,,,,,,,,,,,,
DetectPhase2,60,0,0,,0,0,,0,0,,0,0,,,,,,,,,,,,,,,
DetectPhase3,60,0,0,,0,0,,0,0,,0,0,,,,,,,,,,,,,,,
DetectPhase4,60,0,0,,0,0,,0,0,,0,0,,,,,,,,,,,,,,,
SwitchPhase,60,0,0,,0,0,,0,0,,0,0,,,,,,,,,,,,,,,
numDetects,60,1,1,,1,1,,1,1,,1,1,,,,,,,,,,,,,,,
DetectPos1,60,0,0,,0,0,,0,0,,0,0,,,,,,,,,,,,,,,
DetectSize1,60,20,100,,20,100,,20,100,,20,100,,,,,,,,,,,,,,,
DetectType1,60,3,3,,3,3,,3,3,,3,3,,,,,,,,,,,,,,,
DetectExtend1,60,0,0,,0,0,,0,0,,0,0,,,,,,,,,,,,,,,
DetectQueue1,60,0,0,,0,0,,0,0,,0,0,,,,,,,,,,,,,,,
DetectDelay1,60,0,0,,0,0,,0,0,,0,0,,,,,,,,,,,,,,,
Exit Lanes,60,,0,,,0,,,0,,,0,,,,,,,,,,,,,,,
CBD,60,,0,,,,,,,,,,,,,,,,,,,,,,,,
Lane Group Flow,60,77,893,0,25,808,0,82,216,0,45,70,0,,,,,,,,,,,,,,
Up Node,65,,7,7,8,8,,,,,66,,66,,,,,,,,,,,,,,
Dest Node,65,,8,66,66,7,,,,,7,,8,,,,,,,,,,,,,,
Lanes,65,,2,1,1,2,,,,,2,,1,,,,,,,,,,,,,,
Shared,65,,0,,0,0,,,,,0,,,,,,,,,,,,,,,,
Width,65,,12,12,12,12,,,,,12,,12,,,,,,,,,,,,,,
Storage,65,,,150,280,,,,,,80,,105,,,,,,,,,,,,,,
Taper,65,,,25,25,,,,,,25,,25,,,,,,,,,,,,,,
StLanes,65,,,1,1,,,,,,1,,1,,,,,,,,,,,,,,
Grade,65,,,,,,,,,,,,,,,,,,,,,,,,,,
Speed,65,,45,,,45,,,,,45,,,,,,,,,,,,,,,,
Phase1,65,,2,,1,6,,,,,4,,,,,,,,,,,,,,,,
PermPhase1,65,,,2,6,,,,,,,,4,,,,,,,,,,,,,,
LostTime,65,,4,4,4,4,,,,,4,,4,,,,,,,,,,,,,,
Lost Time Adjust,65,,0.5,0.5,0.5,0.5,,,,,0.5,,0.5,,,,,,,,,,,,,,
IdealFlow,65,,1900,1900,1900,1900,,,,,1900,,1900,,,,,,,,,,,,,,
SatFlow,65,,3539,1583,1770,3539,,,,,3433,,1583,,,,,,,,,,,,,,
SatFlowPerm,65,,3539,1583,645,3539,,,,,3433,,1583,,,,,,,,,,,,,,
Allow RTOR,65,,1,1,1,1,,,,,1,,1,,,,,,,,,,,,,,
SatFlowRTOR,65,,0,27,0,0,,,,,0,,33,,,,,,,,,,,,,,
Volume,65,,600,25,35,600,,,,,50,,30,,,,,,,,,,,,,,
Peds,65,,0,0,0,0,,,,,0,,0,,,,,,,,,,,,,,
Bicycles,65,,0,0,0,0,,,,,0,,0,,,,,,,,,,,,,,
PHF,65,,0.92,0.92,0.92,0.92,,,,,0.92,,0.92,,,,,,,,,,,,,,
Growth,65,,100,100,100,100,,,,,100,,100,,,,,,,,,,,,,,
HeavyVehicles,65,,2,2,2,2,,,,,2,,2,,,,,,,,,,,,,,
BusStops,65,,0,0,0,0,,,,,0,,0,,,,,,,,,,,,,,
Midblock,65,,0,,,0,,,,,0,,,,,,,,,,,,,,,,
Distance,65,,1749,,,1438,,,,,775,,,,,,,,,,,,,,,,
TravelTime,65,,26.5,,,21.8,,,,,11.7,,,,,,,,,,,,,,,,
Right Channeled,65,,,0,,0,,,,,,,0,,,,,,,,,,,,,,
Alignment,65,,0,1,0,0,,,,,0,,1,,,,,,,,,,,,,,
Enter Blocked,65,,0,0,0,0,,,,,0,,0,,,,,,,,,,,,,,
HeadwayFact,65,,1,1,1,1,,,,,1,,1,,,,,,,,,,,,,,
Turning Speed,65,,60,9,15,60,,,,,15,,9,,,,,,,,,,,,,,
FirstDetect,65,,100,20,20,100,,,,,20,,20,,,,,,,,,,,,,,
LastDetect,65,,0,0,0,0,,,,,0,,0,,,,,,,,,,,,,,
DetectPhase1,65,,2,2,1,6,,,,,4,,4,,,,,,,,,,,,,,
DetectPhase2,65,,0,0,0,0,,,,,0,,0,,,,,,,,,,,,,,
DetectPhase3,65,,0,0,0,0,,,,,0,,0,,,,,,,,,,,,,,
DetectPhase4,65,,0,0,0,0,,,,,0,,0,,,,,,,,,,,,,,
SwitchPhase,65,,0,0,0,0,,,,,0,,0,,,,,,,,,,,,,,
numDetects,65,,1,1,1,1,,,,,1,,1,,,,,,,,,,,,,,
DetectPos1,65,,0,0,0,0,,,,,0,,0,,,,,,,,,,,,,,
DetectSize1,65,,100,20,20,100,,,,,20,,20,,,,,,,,,,,,,,
DetectType1,65,,3,3,3,3,,,,,3,,3,,,,,,,,,,,,,,
DetectExtend1,65,,0,0,0,0,,,,,0,,0,,,,,,,,,,,,,,
DetectQueue1,65,,0,0,0,0,,,,,0,,0,,,,,,,,,,,,,,
DetectDelay1,65,,0,0,0,0,,,,,0,,0,,,,,,,,,,,,,,
Exit Lanes,65,,0,,,0,,,,,0,,,,,,,,,,,,,,,,
CBD,65,,0,,,,,,,,,,,,,,,,,,,,,,,,
Lane Group Flow,65,,652,27,38,652,,,,,54,,33,,,,,,,,,,,,,,
